ticker,status,rows,start,end,source,n_splits,n_jump_flags
ONE,ok,2334.0,2015-01-02,2024-12-31,tmx,0.0,0.0
EFF,ok,1660.0,2015-01-02,2024-12-31,tmx,0.0,7.0
AUMB,ok,1611.0,2018-07-25,2024-12-31,tmx,0.0,0.0
FNR,ok,2117.0,2015-01-02,2024-12-31,tmx,0.0,1.0
ACL,empty,,,,,,
AIS,ok,2188.0,2015-01-05,2024-12-31,tmx,0.0,6.0
AUAU,ok,1730.0,2018-01-30,2024-12-31,tmx,0.0,0.0
AME,ok,2422.0,2015-01-02,2024-12-31,tmx,0.0,0.0
ABA,ok,496.0,2023-01-11,2024-12-31,tmx,0.0,0.0
ABI,ok,2412.0,2015-01-02,2024-12-31,tmx,0.0,0.0
ABM,ok,2380.0,2015-01-05,2024-12-31,tmx,0.0,0.0
ABC,ok,1129.0,2015-01-13,2024-12-31,tmx,0.0,6.0
ACDC,ok,128.0,2024-06-27,2024-12-31,tmx,0.0,0.0
AXE,ok,2120.0,2015-01-02,2024-12-31,tmx,0.0,1.0
ADZ,ok,2395.0,2015-01-02,2024-12-31,tmx,0.0,0.0
ADE,ok,1962.0,2015-01-09,2024-12-31,tmx,0.0,141.0
AWI,ok,1587.0,2015-01-02,2024-12-31,tmx,0.0,0.0
ADY,ok,943.0,2021-02-24,2024-12-31,tmx,0.0,0.0
AEF,empty,,,,,,
ALTN,empty,,,,,,
AFE,ok,2421.0,2015-01-05,2024-12-31,tmx,0.0,0.0
AAG,ok,1786.0,2015-01-02,2024-12-31,tmx,0.0,0.0
AGET,ok,508.0,2022-12-21,2024-12-31,tmx,0.0,0.0
AUTO,ok,865.0,2021-07-14,2024-12-31,tmx,0.0,1.0
AIVC,ok,1994.0,2015-01-13,2024-12-31,tmx,0.0,3.0
IQ,ok,2139.0,2015-01-02,2024-12-31,tmx,0.0,0.0
AISX,ok,1265.0,2018-03-26,2024-12-31,tmx,0.0,0.0
AML,ok,1601.0,2015-01-05,2024-12-31,tmx,0.0,13.0
AEMC,ok,2456.0,2015-01-02,2024-12-31,tmx,0.0,0.0
WAM,ok,785.0,2021-11-15,2024-12-31,tmx,0.0,0.0
ALCH,empty,,,,,,
ALDE,ok,1397.0,2018-11-02,2024-12-31,tmx,0.0,0.0
ALGR,ok,300.0,2023-10-23,2024-12-31,tmx,0.0,0.0
ALM,ok,1631.0,2015-01-02,2024-12-31,tmx,0.0,6.0
AMM,ok,2502.0,2015-01-02,2024-12-31,tmx,0.0,0.0
DEX,ok,1639.0,2018-05-28,2024-12-31,tmx,0.0,0.0
AORO,ok,1792.0,2015-01-02,2024-12-31,tmx,0.0,4.0
ALEX,ok,795.0,2021-11-01,2024-12-31,tmx,0.0,0.0
AFM,ok,2074.0,2015-01-02,2024-12-31,tmx,0.0,0.0
GPUS,ok,1627.0,2015-01-02,2024-12-31,tmx,0.0,1.0
AVX,ok,1767.0,2015-01-06,2024-12-31,tmx,0.0,0.0
ALTA,ok,1880.0,2017-04-19,2024-12-31,tmx,0.0,0.0
APN,ok,1952.0,2015-01-22,2024-12-31,tmx,0.0,1.0
ALTU,ok,787.0,2021-11-11,2024-12-31,tmx,0.0,0.0
ALT,ok,1412.0,2015-02-06,2024-12-31,tmx,0.0,20.0
AUUA,ok,427.0,2023-04-20,2024-12-31,tmx,0.0,0.0
ALV,ok,2404.0,2015-01-02,2024-12-31,tmx,0.0,0.0
ALZI,empty,,,,,,
AHR,ok,2157.0,2015-01-02,2024-12-31,tmx,0.0,2.0
AE,ok,916.0,2021-05-03,2024-12-31,tmx,0.0,0.0
LI,ok,2255.0,2015-02-02,2024-12-31,tmx,0.0,0.0
TUNG,empty,,,,,,
AMCO,ok,1444.0,2015-03-10,2024-12-31,tmx,0.0,4.0
AMT,ok,1775.0,2015-12-29,2024-12-31,tmx,0.0,7.0
AMX,ok,2258.0,2015-01-05,2024-12-31,tmx,0.0,0.0
ANDC,ok,945.0,2020-12-14,2024-12-31,tmx,0.0,1.0
AEC,ok,2336.0,2015-01-02,2024-12-31,tmx,0.0,0.0
AWM,ok,1367.0,2015-01-21,2024-12-31,tmx,0.0,3.0
ANK,ok,2331.0,2015-01-02,2024-12-31,tmx,0.0,0.0
ANOR,ok,2392.0,2015-01-02,2024-12-31,tmx,0.0,0.0
ANTL,ok,1538.0,2017-01-04,2024-12-31,tmx,0.0,1.0
APX,ok,1777.0,2015-01-02,2024-12-31,tmx,0.0,17.0
APMI,ok,915.0,2019-07-16,2024-12-31,tmx,0.0,1.0
APGO,ok,1450.0,2015-01-06,2024-12-31,tmx,0.0,2.0
APL,ok,1280.0,2015-01-23,2024-12-31,tmx,0.0,0.0
ABR,ok,1450.0,2015-01-20,2024-12-31,tmx,0.0,10.0
ARO,ok,1860.0,2015-01-02,2024-12-31,tmx,0.0,12.0
ARCH,ok,2239.0,2015-01-13,2024-12-31,tmx,0.0,0.0
ACS,ok,1231.0,2015-01-15,2024-12-31,tmx,0.0,2.0
ADG,ok,452.0,2023-03-15,2024-12-31,tmx,0.0,2.0
AWX,ok,1797.0,2015-01-05,2024-12-31,tmx,0.0,0.0
AGAG,ok,1129.0,2015-03-30,2024-12-31,tmx,0.0,8.0
LIT,ok,2108.0,2015-01-05,2024-12-31,tmx,0.0,1.0
VLLC,empty,,,,,,
ASL,ok,1681.0,2015-01-06,2024-12-31,tmx,0.0,4.0
ARGH,ok,1346.0,2018-06-04,2024-12-31,tmx,0.0,0.0
DAN,ok,2486.0,2015-01-02,2024-12-31,tmx,0.0,0.0
AZEM,empty,,,,,,
AZS,ok,2084.0,2015-01-09,2024-12-31,tmx,0.0,2.0
ARK,ok,640.0,2022-06-14,2024-12-31,tmx,0.0,0.0
AXL,ok,1853.0,2015-01-02,2024-12-31,tmx,0.0,6.0
ARTG,ok,1317.0,2019-10-02,2024-12-31,tmx,0.0,0.0
RBZ,ok,509.0,2022-12-20,2024-12-31,tmx,0.0,0.0
ASE,ok,1754.0,2015-06-26,2024-12-31,tmx,0.0,0.0
ABZ,ok,1407.0,2015-03-18,2024-12-31,tmx,0.0,1.0
SAT,ok,1713.0,2015-01-02,2024-12-31,tmx,0.0,2.0
ATOI,empty,,,,,,
BAY,ok,2210.0,2015-01-02,2024-12-31,tmx,0.0,0.0
ASTR,ok,736.0,2022-01-26,2024-12-31,tmx,0.0,0.0
AST,ok,1023.0,2017-10-10,2024-12-31,tmx,0.0,4.0
SASK,ok,433.0,2023-04-11,2024-12-31,tmx,0.0,0.0
ATY,ok,2493.0,2015-01-02,2024-12-31,tmx,0.0,0.0
ATLE,ok,1272.0,2019-12-05,2024-12-31,tmx,0.0,0.0
AEP,ok,2026.0,2015-01-06,2024-12-31,tmx,0.0,5.0
SALT,ok,1616.0,2015-01-02,2024-12-31,tmx,0.0,6.0
ATOM,ok,1510.0,2015-02-02,2024-12-31,tmx,0.0,2.0
AAN,ok,2011.0,2015-01-05,2024-12-31,tmx,0.0,2.0
AUGC,ok,884.0,2020-12-29,2024-12-31,tmx,0.0,1.0
AUM,ok,129.0,2024-06-26,2024-12-31,tmx,0.0,0.0
AUQ,ok,1066.0,2015-01-02,2024-12-31,tmx,0.0,1.0
ARU,ok,2111.0,2015-01-16,2024-12-31,tmx,0.0,2.0
AURA,empty,,,,,,
RES,ok,213.0,2024-02-27,2024-12-31,tmx,0.0,0.0
AUME,ok,1909.0,2015-02-10,2024-12-31,tmx,0.0,0.0
AURO,ok,1027.0,2020-11-25,2024-12-31,tmx,0.0,0.0
ACU,ok,2398.0,2015-01-02,2024-12-31,tmx,0.0,0.0
ASG,ok,2191.0,2015-01-02,2024-12-31,tmx,0.0,0.0
ARL,ok,244.0,2024-01-12,2024-12-31,tmx,0.0,0.0
AGLD,ok,1655.0,2016-08-19,2024-12-31,tmx,0.0,0.0
XX,ok,2248.0,2015-01-02,2024-12-31,tmx,0.0,0.0
AVN,ok,1726.0,2015-01-02,2024-12-31,tmx,0.0,0.0
AVR,ok,378.0,2023-06-29,2024-12-31,tmx,0.0,0.0
AVG,ok,1705.0,2015-01-05,2024-12-31,tmx,0.0,1.0
AVCR,ok,1923.0,2016-11-21,2024-12-31,tmx,0.0,2.0
AVU,ok,2187.0,2015-01-02,2024-12-31,tmx,0.0,1.0
ARIC,ok,1480.0,2016-04-13,2024-12-31,tmx,0.0,0.0
AXO,empty,,,,,,
AZR,ok,2106.0,2015-01-02,2024-12-31,tmx,0.0,10.0
AZM,ok,2346.0,2015-01-02,2024-12-31,tmx,0.0,0.0
AAZ,ok,2369.0,2015-01-02,2024-12-31,tmx,0.0,0.0
AZT,ok,1605.0,2017-05-04,2024-12-31,tmx,0.0,0.0
BLDS,ok,2439.0,2015-01-02,2024-12-31,tmx,0.0,2.0
BYN,ok,2221.0,2015-01-07,2024-12-31,tmx,0.0,0.0
BRO,ok,1964.0,2015-01-05,2024-12-31,tmx,0.0,3.0
BARU,ok,2358.0,2015-01-02,2024-12-31,tmx,0.0,14.0
BAT,ok,2136.0,2015-01-05,2024-12-31,tmx,0.0,0.0
BMV,ok,1060.0,2015-01-12,2024-12-31,tmx,0.0,4.0
BMR,ok,927.0,2021-02-24,2024-12-31,tmx,0.0,0.0
BHS,ok,2444.0,2015-01-02,2024-12-31,tmx,0.0,0.0
BM,ok,1341.0,2015-01-06,2024-12-31,tmx,0.0,5.0
B,ok,2077.0,2015-01-06,2024-12-31,tmx,0.0,1.0
BECN,ok,772.0,2021-11-02,2024-12-31,tmx,0.0,0.0
BGF,ok,1419.0,2019-02-04,2024-12-31,tmx,0.0,0.0
BFM,ok,1755.0,2015-01-02,2024-12-31,tmx,0.0,5.0
BCU,ok,2271.0,2015-01-02,2024-12-31,tmx,0.0,15.0
BEA,ok,2147.0,2015-01-05,2024-12-31,tmx,0.0,1.0
BEX,ok,2280.0,2015-01-05,2024-12-31,tmx,0.0,0.0
BZ,ok,1775.0,2015-01-07,2024-12-31,tmx,0.0,1.0
BST,ok,1796.0,2015-01-09,2024-12-31,tmx,0.0,25.0
BEW,ok,2279.0,2015-01-02,2024-12-31,tmx,0.0,0.0
BEAR,ok,2175.0,2015-01-05,2024-12-31,tmx,0.0,20.0
BRAU,ok,2023.0,2015-01-05,2024-12-31,tmx,0.0,0.0
BIGT,ok,1808.0,2015-01-06,2024-12-31,tmx,0.0,1.0
BRM,ok,1884.0,2015-01-05,2024-12-31,tmx,0.0,0.0
RX,ok,2474.0,2015-01-02,2024-12-31,tmx,0.0,0.0
BTCT,empty,,,,,,
BTCW,ok,888.0,2018-07-30,2024-12-31,tmx,0.0,4.0
BTT,ok,2123.0,2015-01-05,2024-12-31,tmx,0.0,5.0
BMM,ok,1413.0,2015-01-19,2024-12-31,tmx,0.0,4.0
BPR,empty,,,,,,
BARK,ok,1074.0,2015-02-11,2024-12-31,tmx,0.0,1.0
SWAN,ok,1002.0,2015-01-06,2024-12-31,tmx,0.0,1.0
BRC,ok,2033.0,2015-01-02,2024-12-31,tmx,0.0,1.0
BAG,ok,1817.0,2015-01-08,2024-12-31,tmx,0.0,7.0
BITK,ok,2035.0,2015-01-02,2024-12-31,tmx,0.0,35.0
MATE,ok,1903.0,2015-01-05,2024-12-31,tmx,0.0,3.0
BKMT,ok,1403.0,2016-03-18,2024-12-31,tmx,0.0,0.0
JAY,empty,,,,,,
MOON,ok,2094.0,2015-01-07,2024-12-31,tmx,0.0,3.0
BSK,ok,2369.0,2015-01-06,2024-12-31,tmx,0.0,1.0
BAU,ok,2113.0,2015-01-07,2024-12-31,tmx,0.0,0.0
BLU,empty,,,,,,
BLM,ok,1742.0,2015-01-02,2024-12-31,tmx,0.0,1.0
BWLK,ok,1441.0,2018-06-11,2024-12-31,tmx,0.0,1.0
BOCA,ok,500.0,2023-01-05,2024-12-31,tmx,0.0,3.0
BOL,ok,1761.0,2015-01-06,2024-12-31,tmx,0.0,7.0
BNZ,ok,877.0,2021-03-29,2024-12-31,tmx,0.0,2.0
BTR,ok,2490.0,2015-01-02,2024-12-31,tmx,0.0,0.0
BOGO,ok,101.0,2024-08-07,2024-12-31,tmx,0.0,0.0
BONE,ok,2267.0,2015-01-05,2024-12-31,tmx,0.0,1.0
BPAG,empty,,,,,,
BQE,ok,1987.0,2015-01-02,2024-12-31,tmx,0.0,0.0
BES,ok,1479.0,2015-01-09,2024-12-31,tmx,0.0,7.0
BEM,ok,1285.0,2015-01-05,2024-12-31,tmx,0.0,4.0
BVA,ok,2268.0,2015-01-02,2024-12-31,tmx,0.0,0.0
BRVO,ok,614.0,2022-07-21,2024-12-31,tmx,0.0,0.0
BBB,ok,2384.0,2015-01-02,2024-12-31,tmx,0.0,0.0
BRON,ok,1629.0,2015-01-08,2024-12-31,tmx,0.0,0.0
BRW,ok,2032.0,2015-01-02,2024-12-31,tmx,0.0,0.0
BTU,ok,1755.0,2017-06-20,2024-12-31,tmx,0.0,0.0
BUFF,empty,,,,,,
BILD,ok,846.0,2021-08-18,2024-12-31,tmx,0.0,0.0
BCF,ok,1704.0,2015-01-05,2024-12-31,tmx,0.0,0.0
ZLTO,ok,444.0,2023-03-27,2024-12-31,tmx,0.0,2.0
FROG,ok,203.0,2024-03-12,2024-12-31,tmx,0.0,0.0
BGD,ok,1593.0,2015-01-05,2024-12-31,tmx,0.0,10.0
BWR,ok,1666.0,2015-01-07,2024-12-31,tmx,0.0,2.0
CMI,ok,2368.0,2015-01-02,2024-12-31,tmx,0.0,0.0
CCCM,ok,2043.0,2015-07-07,2024-12-31,tmx,0.0,0.0
CBR,ok,1804.0,2015-01-02,2024-12-31,tmx,0.0,0.0
CNO,ok,1778.0,2015-01-05,2024-12-31,tmx,0.0,0.0
CAMB,empty,,,,,,
COR,ok,2244.0,2015-01-02,2024-12-31,tmx,0.0,0.0
CNC,ok,1214.0,2020-02-27,2024-12-31,tmx,0.0,0.0
CONE,ok,1727.0,2015-01-05,2024-12-31,tmx,0.0,13.0
CCMI,ok,1965.0,2015-01-07,2024-12-31,tmx,0.0,3.0
CAN,ok,12.0,2024-12-12,2024-12-31,tmx,0.0,0.0
CGM,ok,2152.0,2015-01-02,2024-12-31,tmx,0.0,0.0
CNRI,ok,686.0,2022-04-07,2024-12-31,tmx,0.0,0.0
CPS,ok,1890.0,2015-01-02,2024-12-31,tmx,0.0,5.0
SPI,ok,1918.0,2015-01-02,2024-12-31,tmx,0.0,1.0
CAF,ok,1602.0,2015-01-07,2024-12-31,tmx,0.0,0.0
CVV,ok,2478.0,2015-01-02,2024-12-31,tmx,0.0,0.0
CEC,ok,2464.0,2015-01-02,2024-12-31,tmx,0.0,0.0
CLZ,ok,2040.0,2015-01-07,2023-12-07,tmx,0.0,1.0
CCEC,ok,44.0,2024-10-29,2024-12-31,tmx,0.0,0.0
CANX,ok,1659.0,2017-04-04,2024-12-31,tmx,0.0,0.0
CLV,ok,1714.0,2015-01-02,2024-12-31,tmx,0.0,2.0
WPR,ok,898.0,2021-06-03,2024-12-31,tmx,0.0,1.0
ROX,ok,1991.0,2015-01-05,2024-12-31,tmx,0.0,0.0
CTM,ok,1999.0,2015-01-05,2024-12-31,tmx,0.0,2.0
CD,ok,2292.0,2015-01-02,2024-12-31,tmx,0.0,6.0
CDA,ok,1991.0,2015-01-05,2024-12-31,tmx,0.0,0.0
CYF,ok,1424.0,2015-01-05,2024-12-31,tmx,0.0,8.0
CMIL,ok,1951.0,2015-01-05,2024-12-31,tmx,0.0,4.0
CAI,ok,1428.0,2015-01-12,2024-12-31,tmx,0.0,7.0
CAPT,ok,1073.0,2020-09-10,2024-12-31,tmx,0.0,0.0
EKG,ok,2199.0,2015-01-02,2024-12-31,tmx,0.0,13.0
CRB,ok,1664.0,2015-01-06,2024-12-31,tmx,0.0,3.0
CGD,ok,1582.0,2015-01-06,2024-12-31,tmx,0.0,10.0
CPI,ok,1709.0,2015-01-07,2024-12-31,tmx,0.0,1.0
RUSH,ok,2111.0,2015-01-05,2024-12-31,tmx,0.0,7.0
CCDS,empty,,,,,,
ECR,ok,2259.0,2015-01-06,2024-12-31,tmx,0.0,0.0
CASA,ok,1480.0,2016-03-18,2024-12-31,tmx,0.0,1.0
CCD,ok,2021.0,2015-01-05,2024-12-31,tmx,0.0,5.0
CAM,ok,365.0,2023-07-19,2024-12-31,tmx,0.0,0.0
GLDC,ok,2037.0,2015-01-05,2024-12-31,tmx,0.0,0.0
CBLT,ok,1852.0,2015-01-02,2024-12-31,tmx,0.0,6.0
CENT,empty,,,,,,
CTA,ok,2424.0,2015-01-02,2024-12-31,tmx,0.0,10.0
CIO,ok,1484.0,2015-01-02,2024-12-31,tmx,0.0,6.0
CTN,ok,1584.0,2015-01-05,2024-12-31,tmx,0.0,6.0
LCE,ok,2443.0,2015-01-02,2024-12-31,tmx,0.0,0.0
CERT,ok,905.0,2021-02-25,2024-12-31,tmx,0.0,0.0
CDPR,ok,1435.0,2018-10-18,2024-12-31,tmx,0.0,0.0
CFY,ok,2033.0,2015-01-02,2024-12-31,tmx,0.0,0.0
OYL,ok,2455.0,2015-01-02,2024-12-31,tmx,0.0,1.0
PERU,ok,1915.0,2015-01-07,2024-12-31,tmx,0.0,1.0
CBA,ok,1780.0,2015-01-02,2024-12-31,tmx,0.0,3.0
YES,ok,1576.0,2015-01-26,2024-12-31,tmx,0.0,2.0
CH,ok,669.0,2022-05-03,2024-12-31,tmx,0.0,0.0
CHER,empty,,,,,,
CKG,ok,2469.0,2015-01-02,2024-12-31,tmx,0.0,0.0
CBG,ok,1962.0,2015-01-02,2024-12-31,tmx,0.0,8.0
CMCG,empty,,,,,,
CRI,ok,871.0,2021-06-23,2024-12-31,tmx,0.0,0.0
CMC,ok,2258.0,2015-01-12,2024-12-31,tmx,0.0,6.0
AIR,ok,1157.0,2020-05-22,2024-12-31,tmx,0.0,0.0
TRAN,ok,2029.0,2015-01-02,2024-12-31,tmx,0.0,3.0
CSX,ok,2050.0,2015-01-02,2024-01-09,tmx,0.0,0.0
CTV,ok,710.0,2022-03-04,2024-12-31,tmx,0.0,0.0
CTEK,ok,788.0,2021-11-10,2024-12-31,tmx,0.0,0.0
CBLU,ok,1571.0,2018-07-19,2024-12-31,tmx,0.0,0.0
CZZ,ok,1175.0,2016-08-23,2024-12-31,tmx,0.0,2.0
CLIP,ok,653.0,2022-05-26,2024-12-31,tmx,0.0,0.0
COCO,ok,1585.0,2015-01-02,2024-12-31,tmx,0.0,2.0
CEI,ok,636.0,2022-06-20,2024-12-31,tmx,0.0,0.0
CBI,ok,1890.0,2015-01-07,2024-12-31,tmx,0.0,0.0
CAD,ok,2349.0,2015-01-02,2024-12-31,tmx,0.0,1.0
CLUS,ok,605.0,2022-08-04,2024-12-31,tmx,0.0,0.0
TIE,ok,1902.0,2015-01-02,2024-12-31,tmx,0.0,0.0
CMU,ok,1127.0,2015-01-05,2024-12-31,tmx,0.0,0.0
CLIC,ok,2132.0,2015-01-02,2024-12-31,tmx,0.0,1.0
CVB,ok,1595.0,2017-12-01,2024-12-31,tmx,0.0,1.0
CAG,ok,1150.0,2016-03-18,2024-12-31,tmx,0.0,8.0
CHS,ok,760.0,2019-05-09,2024-12-31,tmx,0.0,3.0
CNVI,ok,53.0,2024-10-16,2024-12-31,tmx,0.0,0.0
CN,ok,2150.0,2015-01-02,2024-12-31,tmx,0.0,0.0
COS,ok,199.0,2024-03-18,2024-12-31,tmx,0.0,0.0
CQR,ok,1770.0,2015-01-05,2024-12-31,tmx,0.0,6.0
FFP,ok,970.0,2015-02-17,2024-12-31,tmx,0.0,0.0
CNS,ok,1924.0,2015-01-02,2024-12-31,tmx,0.0,12.0
CPAU,ok,1882.0,2015-01-08,2024-12-31,tmx,0.0,11.0
CUU,ok,2498.0,2015-01-02,2024-12-31,tmx,0.0,0.0
CGNT,ok,1801.0,2015-01-19,2024-12-31,tmx,0.0,2.0
CPL,ok,1754.0,2015-01-02,2024-12-31,tmx,0.0,14.0
CRD,ok,1534.0,2015-01-09,2024-12-31,tmx,0.0,9.0
CPER,ok,747.0,2022-01-11,2024-12-31,tmx,0.0,0.0
CUEX,ok,221.0,2024-02-14,2024-12-31,tmx,0.0,0.0
CDB,ok,2384.0,2015-01-02,2024-12-31,tmx,0.0,0.0
CCMC,ok,1692.0,2015-01-12,2024-12-31,tmx,0.0,1.0
COSA,ok,303.0,2023-10-18,2024-12-31,tmx,0.0,0.0
CSG,ok,697.0,2015-01-05,2024-12-31,tmx,0.0,2.0
CTH,ok,1191.0,2015-01-02,2024-12-31,tmx,0.0,1.0
COV,ok,2365.0,2015-01-02,2024-12-31,tmx,0.0,0.0
CCMM,empty,,,,,,
CEQ,ok,1358.0,2015-01-02,2024-12-31,tmx,0.0,2.0
CRE,ok,2500.0,2015-01-02,2024-12-31,tmx,0.0,0.0
CRG,empty,,,,,,
CWV,ok,2095.0,2015-01-02,2024-12-31,tmx,0.0,2.0
CSTR,ok,1518.0,2017-09-18,2024-12-31,tmx,0.0,4.0
CLCO,ok,94.0,2024-08-16,2024-12-31,tmx,0.0,0.0
CVW,ok,2404.0,2015-01-02,2024-12-31,tmx,0.0,0.0
CYBE,ok,425.0,2023-04-24,2024-12-31,tmx,0.0,2.0
CYG,ok,1228.0,2019-01-24,2024-12-31,tmx,0.0,0.0
CYM,ok,2226.0,2015-01-02,2024-12-31,tmx,0.0,0.0
DTWO,ok,384.0,2023-06-21,2024-12-31,tmx,0.0,0.0
DAR,ok,1183.0,2015-02-10,2024-12-31,tmx,0.0,5.0
DM,ok,2042.0,2015-01-15,2024-12-31,tmx,0.0,18.0
DGC,empty,,,,,,
DTEA,ok,439.0,2023-04-03,2024-12-31,tmx,0.0,1.0
DEC,ok,2239.0,2015-01-02,2024-12-31,tmx,0.0,4.0
DB,ok,1753.0,2015-01-02,2024-12-31,tmx,0.0,12.0
WCSB,ok,1309.0,2015-01-02,2024-12-31,tmx,0.0,3.0
DE,ok,2365.0,2015-03-16,2024-12-31,tmx,0.0,0.0
DEFN,ok,1554.0,2018-02-20,2024-12-31,tmx,0.0,0.0
DEF,ok,2468.0,2015-01-02,2024-12-31,tmx,0.0,0.0
DFSC,ok,1073.0,2020-09-22,2024-12-31,tmx,0.0,1.0
DHB,ok,1925.0,2017-04-28,2024-12-31,tmx,0.0,1.0
DELX,ok,1417.0,2017-10-26,2024-12-31,tmx,0.0,2.0
DLTA,ok,2214.0,2015-01-02,2024-12-31,tmx,0.0,0.0
DAU,ok,2010.0,2015-01-07,2024-12-31,tmx,0.0,1.0
DME,ok,2173.0,2015-01-05,2024-12-31,tmx,0.0,4.0
DSY,ok,1835.0,2015-01-09,2024-12-31,tmx,0.0,0.0
GSD,ok,1541.0,2015-02-11,2024-12-31,tmx,0.0,2.0
DFR,ok,1867.0,2015-01-02,2024-12-31,tmx,0.0,9.0
ADK,ok,2418.0,2015-01-02,2024-12-31,tmx,0.0,0.0
DWS,ok,2324.0,2015-01-02,2024-12-31,tmx,0.0,0.0
DNO,ok,601.0,2022-08-10,2024-12-31,tmx,0.0,0.0
DOS,ok,2125.0,2015-01-05,2024-12-31,tmx,0.0,1.0
DCY,ok,1391.0,2015-01-05,2024-12-31,tmx,0.0,2.0
DCOP,ok,2106.0,2015-01-02,2024-12-31,tmx,0.0,14.0
DMX,ok,1792.0,2015-01-02,2024-12-31,tmx,0.0,7.0
DLC,ok,1048.0,2016-03-18,2024-12-31,tmx,0.0,6.0
DLP,ok,1102.0,2019-11-22,2024-12-31,tmx,0.0,0.0
DMGI,ok,1705.0,2016-01-29,2024-12-31,tmx,0.0,1.0
DMCU,ok,1555.0,2017-11-21,2024-12-31,tmx,0.0,6.0
DBG,ok,2376.0,2015-01-02,2024-12-31,tmx,0.0,0.0
DPF,ok,515.0,2022-12-12,2024-12-31,tmx,0.0,0.0
DRY,ok,253.0,2023-12-29,2024-12-31,tmx,0.0,0.0
DYG,ok,1872.0,2015-01-05,2024-12-31,tmx,0.0,8.0
ETL,ok,1985.0,2015-01-06,2024-12-31,tmx,0.0,5.0
EPL,ok,2392.0,2015-01-05,2024-12-31,tmx,0.0,0.0
SPOT,ok,1510.0,2017-08-24,2024-12-31,tmx,0.0,0.0
EWK,ok,1857.0,2015-01-08,2024-12-31,tmx,0.0,0.0
EAM,ok,2379.0,2015-01-02,2024-12-31,tmx,0.0,0.0
EW,ok,2115.0,2015-01-02,2024-12-31,tmx,0.0,0.0
ETF,ok,1841.0,2015-01-07,2024-12-31,tmx,0.0,0.0
EVI,empty,,,,,,
EBM,ok,1913.0,2015-01-28,2024-12-31,tmx,0.0,1.0
EOG,ok,2395.0,2015-01-02,2024-12-31,tmx,0.0,0.0
EDY,ok,681.0,2022-01-27,2024-12-31,tmx,0.0,1.0
CTRL,ok,738.0,2022-01-24,2024-12-31,tmx,0.0,0.0
YFI,ok,2375.0,2015-01-05,2024-12-31,tmx,0.0,2.0
EDDY,ok,2035.0,2015-01-02,2024-12-31,tmx,0.0,3.0
EDM,ok,1755.0,2015-10-08,2024-12-31,tmx,0.0,1.0
EGLT,empty,,,,,,
EGR,ok,1957.0,2015-01-02,2024-12-31,tmx,0.0,1.0
ERA,ok,2386.0,2015-01-02,2024-12-31,tmx,0.0,0.0
ELBM,ok,2004.0,2016-09-23,2024-12-31,tmx,0.0,0.0
EML,ok,1106.0,2015-01-02,2024-12-31,tmx,0.0,1.0
ELEC,ok,1123.0,2020-06-29,2024-12-31,tmx,0.0,0.0
ECU,ok,1011.0,2020-12-07,2024-12-31,tmx,0.0,0.0
ELM,ok,1531.0,2015-12-04,2024-12-31,tmx,0.0,4.0
SERV,empty,,,,,,
ELC,ok,2135.0,2015-07-15,2024-12-31,tmx,0.0,0.0
ECOM,ok,1015.0,2020-12-14,2024-12-31,tmx,0.0,0.0
EMR,ok,1953.0,2015-01-02,2024-12-31,tmx,0.0,3.0
EMO,ok,2039.0,2015-01-06,2024-12-31,tmx,0.0,0.0
EMNT,ok,1201.0,2015-01-06,2024-12-31,tmx,0.0,2.0
EMPR,ok,1006.0,2020-12-29,2024-12-31,tmx,0.0,0.0
ENA,ok,1958.0,2015-01-05,2024-12-31,tmx,0.0,6.0
EU,ok,2245.0,2015-01-05,2024-12-31,tmx,0.0,0.0
EDG,ok,1639.0,2015-01-02,2024-12-31,tmx,0.0,1.0
ENDR,ok,2397.0,2015-01-05,2024-12-31,tmx,0.0,0.0
ENEV,ok,1951.0,2015-01-15,2024-12-31,tmx,0.0,15.0
EAU,ok,1320.0,2018-06-26,2024-12-31,tmx,0.0,1.0
EGM,ok,2193.0,2015-01-02,2024-12-31,tmx,0.0,1.0
ENW,ok,2505.0,2015-01-02,2024-12-31,tmx,0.0,0.0
EQ,ok,2157.0,2015-01-05,2024-12-31,tmx,0.0,1.0
EQTY,ok,1977.0,2015-01-06,2024-12-31,tmx,0.0,13.0
NOVA,ok,1213.0,2019-05-23,2024-12-31,tmx,0.0,0.0
ERDA,ok,2310.0,2015-01-02,2024-12-31,tmx,0.0,0.0
EM,empty,,,,,,
ESBL,empty,,,,,,
ESK,ok,2365.0,2015-01-06,2024-12-31,tmx,0.0,0.0
ESXR,empty,,,,,,
EMN,ok,1373.0,2018-10-02,2024-12-31,tmx,0.0,0.0
EOX,ok,1858.0,2015-01-02,2024-12-31,tmx,0.0,4.0
EVNI,ok,771.0,2021-12-03,2024-12-31,tmx,0.0,0.0
EVNT,empty,,,,,,
EVGN,ok,856.0,2021-08-04,2024-12-31,tmx,0.0,0.0
EVER,ok,1307.0,2019-10-04,2024-12-31,tmx,0.0,1.0
EK,empty,,,,,,
EPF,ok,863.0,2020-10-19,2024-12-31,tmx,0.0,0.0
EXCL,empty,,,,,,
EXN,ok,2507.0,2015-01-02,2024-12-31,tmx,0.0,0.0
EXG,ok,1970.0,2015-01-02,2024-12-31,tmx,0.0,24.0
FUU,ok,2490.0,2015-01-02,2024-12-31,tmx,0.0,0.0
FFU,empty,,,,,,
FBF,ok,1821.0,2015-01-26,2024-12-31,tmx,0.0,1.0
FAIR,ok,861.0,2021-06-22,2024-12-31,tmx,0.0,0.0
FPC,ok,2504.0,2015-01-05,2024-12-31,tmx,0.0,0.0
FLCN,ok,2137.0,2015-01-08,2024-12-31,tmx,0.0,0.0
FG,ok,1975.0,2015-01-02,2024-12-31,tmx,0.0,9.0
FCLX,ok,420.0,2023-05-01,2024-12-31,tmx,0.0,0.0
FHR,ok,78.0,2024-09-10,2024-12-31,tmx,0.0,0.0
FMN,ok,2089.0,2015-01-06,2024-12-31,tmx,0.0,7.0
FDI,ok,2018.0,2015-01-02,2024-12-31,tmx,0.0,0.0
FINX,empty,,,,,,
FYL,ok,1588.0,2015-01-05,2024-12-31,tmx,0.0,1.0
FTEC,ok,2270.0,2015-01-02,2024-12-31,tmx,0.0,5.0
FFOX,ok,1429.0,2018-12-27,2024-12-31,tmx,0.0,1.0
FWZ,ok,1884.0,2017-06-01,2024-12-31,tmx,0.0,0.0
FAS,ok,900.0,2021-06-01,2024-12-31,tmx,0.0,0.0
FAN,ok,1474.0,2015-02-06,2024-12-31,tmx,0.0,4.0
FCI,ok,2236.0,2015-01-02,2024-12-31,tmx,0.0,16.0
HELI,ok,872.0,2021-07-12,2024-12-31,tmx,0.0,0.0
FHYD,ok,989.0,2020-06-18,2024-12-31,tmx,0.0,2.0
FTZ,ok,1664.0,2015-01-07,2024-12-31,tmx,0.0,0.0
FEX,ok,1958.0,2015-01-05,2024-12-31,tmx,0.0,3.0
FOBI,ok,1697.0,2015-09-16,2024-11-05,tmx,0.0,0.0
FMS,ok,2485.0,2015-01-02,2024-12-31,tmx,0.0,0.0
FTJ,ok,1443.0,2015-01-02,2024-12-31,tmx,0.0,4.0
FORT,ok,707.0,2022-03-09,2024-12-31,tmx,0.0,0.0
FOR,ok,2417.0,2015-01-02,2024-12-31,tmx,0.0,0.0
FWTC,ok,799.0,2021-10-26,2024-12-31,tmx,0.0,2.0
FDR,ok,889.0,2021-03-03,2024-12-31,tmx,0.0,0.0
FA,ok,1529.0,2015-01-02,2024-12-31,tmx,0.0,2.0
FOXT,ok,2008.0,2015-01-02,2024-12-31,tmx,0.0,0.0
FP,ok,1897.0,2015-01-02,2024-12-31,tmx,0.0,0.0
FPX,ok,2231.0,2015-01-02,2024-12-31,tmx,0.0,0.0
FRED,ok,1006.0,2016-01-28,2024-12-31,tmx,0.0,2.0
FMAN,ok,727.0,2022-02-08,2024-12-31,tmx,0.0,0.0
FRI,ok,1459.0,2015-01-05,2024-12-31,tmx,0.0,10.0
FREQ,ok,728.0,2022-02-07,2024-12-31,tmx,0.0,1.0
FRNT,ok,679.0,2022-04-19,2024-12-31,tmx,0.0,0.0
FL,ok,2439.0,2015-01-02,2024-12-31,tmx,0.0,0.0
NHHH,ok,2466.0,2015-01-02,2024-12-31,tmx,0.0,0.0
FMM,ok,1401.0,2015-01-05,2024-12-31,tmx,0.0,0.0
FUSE,ok,2310.0,2015-01-02,2024-12-31,tmx,0.0,2.0
FTUR,ok,1705.0,2015-01-12,2024-12-31,tmx,0.0,4.0
LITT,ok,1662.0,2015-09-15,2024-12-31,tmx,0.0,7.0
GBU,ok,2405.0,2015-01-02,2024-12-31,tmx,0.0,3.0
GGAU,empty,,,,,,
GAL,ok,1899.0,2015-01-09,2024-12-31,tmx,0.0,1.0
GGO,ok,2042.0,2015-01-07,2024-12-31,tmx,0.0,15.0
GRI,ok,1501.0,2015-01-09,2024-12-31,tmx,0.0,4.0
GWM,ok,2379.0,2015-01-02,2024-12-31,tmx,0.0,0.0
GAMA,ok,2345.0,2015-01-02,2024-12-31,tmx,0.0,1.0
GGI,ok,2504.0,2015-01-02,2024-12-31,tmx,0.0,0.0
GSI,ok,2415.0,2015-01-02,2024-12-31,tmx,0.0,0.0
GKO,ok,932.0,2020-10-14,2024-12-31,tmx,0.0,2.0
BEEP,ok,1156.0,2018-05-25,2024-12-31,tmx,0.0,1.0
GEMG,empty,,,,,,
GENX,ok,1506.0,2015-01-23,2024-12-31,tmx,0.0,3.0
GSP,ok,2376.0,2015-01-05,2024-12-31,tmx,0.0,0.0
GMA,ok,2445.0,2015-01-02,2024-12-31,tmx,0.0,0.0
GTC,ok,1571.0,2015-01-06,2024-12-31,tmx,0.0,9.0
GFG,ok,2166.0,2015-03-16,2024-12-31,tmx,0.0,2.0
GGL,ok,1802.0,2015-01-06,2024-12-31,tmx,0.0,2.0
GGX,ok,2107.0,2015-01-05,2024-12-31,tmx,0.0,2.0
GIGA,ok,2264.0,2015-01-05,2024-12-31,tmx,0.0,5.0
GOK,ok,1229.0,2015-01-06,2024-12-31,tmx,0.0,10.0
EMM,ok,2313.0,2015-01-06,2024-12-31,tmx,0.0,0.0
GLAD,ok,807.0,2021-10-14,2024-12-31,tmx,0.0,0.0
GBML,ok,1844.0,2015-01-06,2024-12-31,tmx,0.0,1.0
CUCU,ok,1254.0,2015-01-07,2024-12-31,tmx,0.0,9.0
GEMC,ok,1835.0,2017-03-01,2024-12-31,tmx,0.0,1.0
PWER,ok,1492.0,2015-01-02,2024-12-31,tmx,0.0,5.0
GMV,ok,2071.0,2015-01-13,2024-12-31,tmx,0.0,0.0
GG,ok,2315.0,2015-01-02,2024-12-31,tmx,0.0,0.0
GLD,ok,2124.0,2015-01-02,2024-12-31,tmx,0.0,1.0
HART,empty,,,,,,
GRZ,ok,2323.0,2015-01-02,2024-12-31,tmx,0.0,1.0
GST,ok,1216.0,2016-03-18,2024-12-31,tmx,0.0,1.0
GSR,empty,,,,,,
YGT,ok,2491.0,2015-01-02,2024-12-31,tmx,0.0,0.0
AUXX,ok,897.0,2021-06-04,2024-12-31,tmx,0.0,0.0
GLB,ok,1283.0,2015-01-05,2024-12-31,tmx,0.0,1.0
GCN,ok,2066.0,2015-01-07,2024-12-31,tmx,0.0,10.0
GRG,ok,2469.0,2015-01-02,2024-12-31,tmx,0.0,0.0
AUX,ok,1275.0,2015-01-14,2024-12-31,tmx,0.0,14.0
GNG,ok,2273.0,2015-01-06,2024-12-31,tmx,0.0,22.0
GDP,ok,1665.0,2015-01-07,2024-12-31,tmx,0.0,2.0
GLDN,ok,1987.0,2015-01-14,2024-12-31,tmx,0.0,2.0
AUEN,ok,1420.0,2018-08-16,2024-12-31,tmx,0.0,1.0
GCV,empty,,,,,,
GERA,empty,,,,,,
GORO,ok,2339.0,2015-01-02,2024-12-31,tmx,0.0,1.0
GHL,ok,1354.0,2016-10-13,2024-12-31,tmx,0.0,1.0
INXS,empty,,,,,,
GQC,ok,2486.0,2015-01-02,2024-12-31,tmx,0.0,0.0
GSKR,ok,2117.0,2015-09-29,2024-12-31,tmx,0.0,0.0
GSTM,ok,536.0,2022-11-11,2024-12-31,tmx,0.0,0.0
GOT,ok,1904.0,2015-01-20,2024-12-31,tmx,0.0,4.0
GOOD,ok,802.0,2021-10-21,2024-12-31,tmx,0.0,1.0
GSS,ok,1684.0,2015-01-02,2024-12-31,tmx,0.0,0.0
GPM,ok,1924.0,2015-01-02,2024-12-31,tmx,0.0,0.0
GRSL,ok,1677.0,2017-01-30,2024-12-31,tmx,0.0,1.0
GFTA,empty,,,,,,
GGM,ok,2487.0,2015-01-02,2024-12-31,tmx,0.0,0.0
GPG,ok,2027.0,2015-01-12,2024-12-31,tmx,0.0,6.0
GEL,ok,816.0,2021-09-30,2024-12-31,tmx,0.0,0.0
GMG,ok,931.0,2021-04-15,2024-12-31,tmx,0.0,0.0
GPH,ok,2477.0,2015-01-02,2024-12-31,tmx,0.0,0.0
GR,ok,2038.0,2015-01-06,2024-12-31,tmx,0.0,1.0
GPAC,ok,1184.0,2020-04-14,2024-12-31,tmx,0.0,0.0
GPS,ok,841.0,2021-07-22,2024-12-31,tmx,0.0,0.0
GRF,ok,1089.0,2019-10-08,2024-12-31,tmx,0.0,0.0
GCOM,ok,2396.0,2015-01-02,2024-12-31,tmx,0.0,0.0
GRB,ok,2233.0,2015-01-07,2024-12-31,tmx,0.0,0.0
VGN,ok,1891.0,2015-01-06,2024-12-31,tmx,0.0,0.0
GHRT,ok,80.0,2024-09-06,2024-12-31,tmx,0.0,0.0
GRL,empty,,,,,,
WOLF,ok,528.0,2022-11-23,2024-12-31,tmx,0.0,0.0
CELL,ok,1946.0,2015-02-02,2024-12-31,tmx,0.0,2.0
GRDM,ok,2169.0,2015-01-05,2024-12-31,tmx,0.0,17.0
FIN,ok,669.0,2022-05-03,2024-12-31,tmx,0.0,1.0
GZD,ok,1972.0,2015-01-06,2024-12-31,tmx,0.0,0.0
GVR,ok,1127.0,2015-01-08,2024-12-31,tmx,0.0,2.0
GRD,ok,590.0,2022-08-25,2024-12-31,tmx,0.0,0.0
ZNG,ok,1499.0,2017-12-18,2024-12-31,tmx,0.0,0.0
GSPR,ok,1351.0,2018-12-04,2024-12-31,tmx,0.0,0.0
GT,ok,2008.0,2016-02-29,2024-12-31,tmx,0.0,0.0
GSVR,ok,1711.0,2015-01-05,2024-12-31,tmx,0.0,4.0
GX,ok,1080.0,2015-01-07,2024-12-31,tmx,0.0,5.0
GUF,ok,1142.0,2015-01-12,2024-12-31,tmx,0.0,0.0
GUN,ok,1486.0,2015-01-05,2024-12-31,tmx,0.0,0.0
HPM,ok,571.0,2022-09-22,2024-12-31,tmx,0.0,0.0
HMT,ok,1192.0,2015-01-09,2024-12-31,tmx,0.0,1.0
HFC,ok,1210.0,2015-04-01,2024-12-31,tmx,0.0,1.0
HAN,ok,1996.0,2015-01-19,2024-12-31,tmx,0.0,2.0
HANS,ok,1082.0,2019-05-01,2024-12-31,tmx,0.0,0.0
HAR,ok,1644.0,2015-01-19,2024-12-31,tmx,0.0,0.0
HVG,ok,2063.0,2015-01-06,2024-12-31,tmx,0.0,1.0
HAWK,ok,1960.0,2015-01-09,2024-12-31,tmx,0.0,4.0
HAY,ok,1949.0,2015-01-02,2024-12-31,tmx,0.0,0.0
HSTR,ok,2358.0,2015-01-02,2024-12-31,tmx,0.0,0.0
HEVI,ok,692.0,2022-03-30,2024-12-31,tmx,0.0,0.0
HHH,ok,1388.0,2015-01-13,2024-12-31,tmx,0.0,13.0
HME,ok,2358.0,2015-01-02,2024-12-31,tmx,0.0,0.0
HEM,ok,2226.0,2015-01-02,2024-12-31,tmx,0.0,19.0
BIG,ok,938.0,2021-03-24,2024-12-31,tmx,0.0,0.0
HOH,ok,94.0,2024-08-16,2024-12-31,tmx,0.0,0.0
HITI,ok,1515.0,2018-12-17,2024-12-31,tmx,0.0,0.0
HI,ok,2186.0,2015-01-02,2024-12-31,tmx,0.0,0.0
HWY,ok,1602.0,2015-01-02,2024-12-31,tmx,0.0,1.0
HAM,ok,1141.0,2018-04-06,2024-12-31,tmx,0.0,1.0
ESPN,ok,894.0,2019-03-05,2024-12-31,tmx,0.0,0.0
SHL,ok,1552.0,2015-01-13,2024-12-31,tmx,0.0,5.0
HLU,empty,,,,,,
HMR,ok,1068.0,2015-01-13,2024-12-31,tmx,0.0,9.0
TUF,ok,2025.0,2015-01-05,2024-12-31,tmx,0.0,5.0
HPL,ok,1324.0,2015-01-05,2024-12-31,tmx,0.0,3.0
HCH,ok,752.0,2022-01-04,2024-12-31,tmx,0.0,0.0
HPQ,ok,2436.0,2015-01-02,2024-12-31,tmx,0.0,0.0
HIDE,empty,,,,,,
NURS,ok,522.0,2022-12-01,2024-12-31,tmx,0.0,0.0
HC,ok,533.0,2022-11-16,2024-12-31,tmx,0.0,0.0
IB,ok,2427.0,2015-01-02,2024-12-31,tmx,0.0,0.0
ICGH,empty,,,,,,
ICRS,ok,310.0,2023-10-06,2024-12-31,tmx,0.0,2.0
ICM,ok,2278.0,2015-01-02,2024-12-31,tmx,0.0,0.0
IDEX,empty,,,,,,
IRI,ok,1351.0,2015-03-12,2024-12-31,tmx,0.0,4.0
ILC,ok,2320.0,2015-01-02,2024-12-31,tmx,0.0,0.0
UVC,empty,,,,,,
ILI,ok,2234.0,2015-01-02,2024-12-31,tmx,0.0,0.0
IDL,ok,1676.0,2015-01-02,2024-12-31,tmx,0.0,8.0
IMR,ok,2213.0,2015-01-06,2024-12-31,tmx,0.0,4.0
IMPT,ok,240.0,2023-12-12,2024-12-31,tmx,0.0,0.0
IPT,ok,2505.0,2015-01-02,2024-12-31,tmx,0.0,0.0
IEI,ok,1507.0,2015-01-14,2024-12-31,tmx,0.0,0.0
IGO,ok,2248.0,2015-01-02,2024-12-31,tmx,0.0,0.0
INEO,ok,1173.0,2018-02-02,2024-12-31,tmx,0.0,0.0
IN,ok,883.0,2018-04-25,2024-12-31,tmx,0.0,1.0
INFM,ok,780.0,2021-11-22,2024-12-31,tmx,0.0,0.0
INFI,ok,702.0,2022-03-16,2024-12-31,tmx,0.0,0.0
IOT,ok,1775.0,2015-01-05,2024-12-31,tmx,0.0,10.0
MINE,ok,1329.0,2017-02-07,2024-12-31,tmx,0.0,2.0
ISGI,ok,1444.0,2015-01-14,2024-12-31,tmx,0.0,4.0
ITR,ok,1792.0,2017-11-07,2024-12-31,tmx,0.0,0.0
IRO,ok,1436.0,2015-01-09,2024-12-31,tmx,0.0,4.0
IBAT,ok,59.0,2024-10-07,2024-12-31,tmx,0.0,0.0
IFR,ok,2149.0,2015-01-06,2024-12-31,tmx,0.0,9.0
IMM,ok,1357.0,2015-01-19,2024-12-31,tmx,0.0,3.0
IPD,ok,1193.0,2015-01-06,2024-12-31,tmx,0.0,1.0
IZZ,ok,1769.0,2015-01-02,2024-12-31,tmx,0.0,3.0
INX,ok,1856.0,2015-01-06,2024-12-31,tmx,0.0,0.0
INTR,ok,1524.0,2015-01-07,2024-12-31,tmx,0.0,1.0
IVX,ok,1238.0,2015-01-07,2024-12-31,tmx,0.0,2.0
IVS,ok,2185.0,2015-01-02,2024-12-31,tmx,0.0,2.0
IZN,ok,2170.0,2015-01-02,2024-12-31,tmx,0.0,6.0
INIK,ok,1101.0,2020-07-08,2024-12-31,tmx,0.0,0.0
IMI,ok,2386.0,2015-06-01,2024-12-31,tmx,0.0,0.0
IRR,empty,,,,,,
IFOS,ok,2254.0,2015-01-02,2024-12-31,tmx,0.0,1.0
JTWO,empty,,,,,,
JJJJ,empty,,,,,,
JJ,ok,2331.0,2015-01-02,2024-12-31,tmx,0.0,2.0
JADE,ok,1923.0,2015-01-02,2024-12-31,tmx,0.0,3.0
JG,ok,2220.0,2015-01-05,2024-12-31,tmx,0.0,0.0
JSPX,ok,2049.0,2015-03-26,2024-12-31,tmx,0.0,8.0
JDN,ok,1925.0,2015-01-05,2024-12-31,tmx,0.0,1.0
JTC,ok,1478.0,2015-01-08,2024-12-31,tmx,0.0,0.0
JEV,ok,2316.0,2015-01-02,2024-12-31,tmx,0.0,0.0
JUGR,ok,2005.0,2015-01-09,2024-12-31,tmx,0.0,1.0
JEC,ok,1453.0,2015-01-05,2024-12-31,tmx,0.0,4.0
JZR,ok,1260.0,2015-01-09,2024-12-31,tmx,0.0,2.0
KTO,ok,2018.0,2015-01-12,2024-12-31,tmx,0.0,3.0
KDSX,ok,915.0,2020-11-03,2024-12-31,tmx,0.0,0.0
KIRO,empty,,,,,,
KALO,ok,945.0,2020-03-04,2024-12-31,tmx,0.0,0.0
KNE,ok,2152.0,2015-01-05,2024-12-31,tmx,0.0,0.0
KAPA,ok,654.0,2022-05-25,2024-12-31,tmx,0.0,1.0
KDA,ok,1948.0,2015-01-15,2024-12-31,tmx,0.0,1.0
KEEK,ok,2178.0,2015-01-02,2024-12-31,tmx,0.0,3.0
KLD,ok,995.0,2021-01-13,2024-12-31,tmx,0.0,0.0
KGC,ok,1772.0,2015-01-02,2024-12-31,tmx,0.0,4.0
KIB,ok,629.0,2022-06-29,2024-12-31,tmx,0.0,1.0
KDOZ,ok,1485.0,2015-07-02,2024-12-31,tmx,0.0,2.0
KCC,ok,2247.0,2015-01-05,2024-12-31,tmx,0.0,2.0
KCP,ok,1273.0,2019-12-03,2024-12-31,tmx,0.0,0.0
KFR,ok,951.0,2021-03-18,2024-12-31,tmx,0.0,0.0
KGS,ok,1791.0,2015-01-06,2024-12-31,tmx,0.0,2.0
KNG,ok,1593.0,2015-01-06,2024-12-31,tmx,0.0,1.0
KIP,ok,1930.0,2015-01-02,2024-12-31,tmx,0.0,4.0
KLDC,ok,2015.0,2015-01-05,2024-12-31,tmx,0.0,0.0
KG,ok,2439.0,2015-01-08,2024-12-31,tmx,0.0,0.0
KS,ok,2322.0,2015-01-06,2024-12-31,tmx,0.0,3.0
KRI,ok,440.0,2023-03-31,2024-12-31,tmx,0.0,1.0
KDK,ok,2367.0,2015-01-07,2024-12-31,tmx,0.0,0.0
KTRI,ok,168.0,2024-05-01,2024-12-31,tmx,0.0,0.0
KTN,ok,2490.0,2015-01-02,2024-12-31,tmx,0.0,0.0
KORE,ok,2011.0,2015-01-14,2024-12-31,tmx,0.0,1.0
KRY,ok,1984.0,2015-01-05,2024-12-31,tmx,0.0,1.0
KOVO,ok,889.0,2021-06-04,2024-12-31,tmx,0.0,0.0
PNG,ok,2409.0,2015-02-24,2024-12-31,tmx,0.0,0.0
KBRA,ok,202.0,2024-03-13,2024-12-31,tmx,0.0,0.0
KC,ok,2109.0,2015-01-05,2024-12-31,tmx,0.0,1.0
LAB,ok,1958.0,2015-01-07,2024-12-31,tmx,0.0,0.0
LTX,ok,1625.0,2015-01-02,2024-12-31,tmx,0.0,27.0
LG,ok,682.0,2022-04-13,2024-12-31,tmx,0.0,0.0
LVG,ok,1965.0,2015-01-06,2024-12-31,tmx,0.0,5.0
LWR,ok,1875.0,2015-01-02,2024-12-31,tmx,0.0,3.0
LRA,ok,2411.0,2015-01-02,2024-12-31,tmx,0.0,0.0
VAND,ok,568.0,2022-09-27,2024-12-31,tmx,0.0,0.0
LALI,ok,1913.0,2015-01-09,2024-12-31,tmx,0.0,0.0
LXE,empty,,,,,,
LMS,ok,1984.0,2015-01-05,2024-12-31,tmx,0.0,3.0
LME,ok,2185.0,2015-01-02,2024-12-31,tmx,0.0,11.0
LGC,ok,683.0,2022-04-12,2024-12-31,tmx,0.0,0.0
LEM,ok,2489.0,2015-01-02,2024-12-31,tmx,0.0,0.0
LEGY,ok,357.0,2023-07-31,2024-12-31,tmx,0.0,0.0
LPS,ok,2371.0,2015-01-05,2024-12-31,tmx,0.0,0.0
LTV,ok,2197.0,2015-01-02,2024-12-31,tmx,0.0,1.0
LVX,ok,976.0,2021-02-10,2024-12-31,tmx,0.0,0.0
LIFT,ok,293.0,2023-11-01,2024-12-31,tmx,0.0,0.0
SCAN,ok,1167.0,2015-02-06,2024-12-31,tmx,0.0,0.0
LIB,ok,1712.0,2015-01-09,2024-12-31,tmx,0.0,8.0
LFST,ok,2254.0,2015-01-05,2024-12-31,tmx,0.0,13.0
LTNG,ok,1739.0,2015-01-07,2024-12-31,tmx,0.0,1.0
LMG,ok,1686.0,2015-01-06,2024-12-31,tmx,0.0,3.0
LIO,ok,2426.0,2015-01-02,2024-12-31,tmx,0.0,0.0
ROAR,ok,1850.0,2015-01-02,2024-12-31,tmx,0.0,34.0
LBI,ok,1349.0,2015-03-13,2024-12-31,tmx,0.0,1.0
LAF,empty,,,,,,
LITH,ok,2077.0,2015-01-16,2024-12-31,tmx,0.0,0.0
LTH,ok,655.0,2022-05-24,2024-12-31,tmx,0.0,0.0
LBNK,ok,690.0,2022-04-01,2024-12-31,tmx,0.0,0.0
LOD,ok,1825.0,2015-01-06,2024-12-31,tmx,0.0,8.0
LSTR,ok,912.0,2021-03-05,2024-12-31,tmx,0.0,0.0
LGN,ok,366.0,2023-07-18,2024-12-31,tmx,0.0,0.0
LMR,ok,2424.0,2015-01-02,2024-12-31,tmx,0.0,0.0
LA,ok,1922.0,2015-01-06,2024-12-31,tmx,0.0,0.0
LTC,empty,,,,,,
LQWD,ok,1779.0,2015-01-05,2024-12-31,tmx,0.0,3.0
LSL,ok,462.0,2023-03-01,2024-12-31,tmx,0.0,0.0
LUCA,ok,2182.0,2015-01-06,2024-12-31,tmx,0.0,4.0
LMN,ok,445.0,2023-03-24,2024-12-31,tmx,0.0,0.0
LPK,ok,2232.0,2015-01-02,2024-12-31,tmx,0.0,1.0
LXM,ok,2130.0,2015-01-15,2024-12-31,tmx,0.0,3.0
LUXR,empty,,,,,,
LCX,ok,1022.0,2015-03-05,2024-12-31,tmx,0.0,6.0
MT,ok,2224.0,2015-01-05,2024-12-31,tmx,0.0,1.0
MACK,empty,,,,,,
MDM,ok,1609.0,2015-01-07,2024-12-31,tmx,0.0,2.0
MGMA,ok,1970.0,2015-01-02,2024-12-31,tmx,0.0,21.0
MTT,ok,1848.0,2015-01-14,2024-12-31,tmx,0.0,5.0
MJS,ok,2140.0,2015-01-02,2024-12-31,tmx,0.0,0.0
MKO,ok,2407.0,2015-01-02,2024-12-31,tmx,0.0,0.0
MTH,ok,1727.0,2015-01-13,2024-12-31,tmx,0.0,4.0
MN,ok,2004.0,2015-01-06,2024-12-31,tmx,0.0,1.0
MANU,ok,1004.0,2020-12-31,2024-12-31,tmx,0.0,0.0
MGM,ok,2375.0,2015-01-07,2024-12-31,tmx,0.0,0.0
MAP,ok,1086.0,2015-03-19,2024-12-31,tmx,0.0,5.0
MAH,ok,1914.0,2015-01-05,2024-12-31,tmx,0.0,10.0
MTLO,ok,1947.0,2015-01-02,2024-12-31,tmx,0.0,3.0
MRVL,ok,853.0,2019-03-04,2024-12-31,tmx,0.0,0.0
MASS,ok,2179.0,2015-01-02,2024-12-31,tmx,0.0,2.0
MATA,ok,474.0,2023-02-10,2024-12-31,tmx,0.0,1.0
MAX,ok,1899.0,2015-01-09,2024-12-31,tmx,0.0,0.0
MFG,ok,948.0,2021-03-22,2024-12-31,tmx,0.0,0.0
MCS,ok,1316.0,2015-01-09,2024-12-31,tmx,0.0,0.0
MCF,ok,948.0,2017-06-28,2024-12-31,tmx,0.0,1.0
MPH,ok,2417.0,2015-01-02,2024-12-31,tmx,0.0,0.0
MIR,ok,2213.0,2015-01-02,2024-12-31,tmx,0.0,17.0
MDX,ok,2421.0,2015-01-02,2024-12-31,tmx,0.0,0.0
MKR,ok,2308.0,2015-01-02,2024-12-31,tmx,0.0,3.0
MENE,ok,1900.0,2015-01-07,2024-12-31,tmx,0.0,7.0
MUSH,ok,923.0,2021-04-28,2024-12-31,tmx,0.0,0.0
MERG,ok,825.0,2021-09-17,2024-12-31,tmx,0.0,0.0
MLO,ok,1002.0,2020-09-10,2024-12-31,tmx,0.0,5.0
MTX,ok,2125.0,2015-01-02,2024-12-31,tmx,0.0,5.0
MTA,ok,1733.0,2018-02-02,2024-12-31,tmx,0.0,0.0
MMG,ok,2208.0,2015-01-02,2024-12-31,tmx,0.0,6.0
MTS,ok,2186.0,2015-01-05,2024-12-31,tmx,0.0,0.0
MET,ok,1381.0,2015-01-02,2024-12-31,tmx,0.0,0.0
MQM,ok,1577.0,2015-01-02,2024-12-31,tmx,0.0,1.0
MEK,ok,2306.0,2015-01-06,2024-12-31,tmx,0.0,0.0
DDD,ok,45.0,2024-10-28,2024-12-31,tmx,0.0,0.0
MMET,empty,,,,,,
MD,ok,2436.0,2015-01-02,2024-12-31,tmx,0.0,0.0
MMA,ok,2084.0,2015-01-05,2024-12-31,tmx,0.0,2.0
MIVO,ok,1016.0,2015-04-17,2024-12-31,tmx,0.0,2.0
MLP,ok,1424.0,2015-01-02,2024-12-31,tmx,0.0,0.0
MSC,ok,1349.0,2016-06-29,2024-12-31,tmx,0.0,35.0
MIM,ok,698.0,2022-03-22,2024-12-31,tmx,0.0,0.0
MGG,ok,2388.0,2015-01-12,2024-12-31,tmx,0.0,1.0
MMM,ok,2274.0,2015-01-05,2024-12-31,tmx,0.0,0.0
MHUB,ok,833.0,2021-09-07,2024-12-31,tmx,0.0,0.0
MNLX,ok,768.0,2021-12-08,2024-12-31,tmx,0.0,1.0
MINK,ok,501.0,2023-01-04,2024-12-31,tmx,0.0,0.0
MCI,ok,1792.0,2015-01-02,2024-08-07,tmx,0.0,0.0
MSR,ok,1132.0,2015-01-06,2024-12-31,tmx,0.0,6.0
MRZ,ok,2474.0,2015-01-02,2024-12-31,tmx,0.0,0.0
MSG,ok,65.0,2024-09-27,2024-12-31,tmx,0.0,0.0
MKA,ok,1727.0,2015-01-07,2024-12-31,tmx,0.0,4.0
MBO,ok,1774.0,2015-01-02,2024-12-31,tmx,0.0,0.0
MOG,ok,139.0,2024-06-12,2024-12-31,tmx,0.0,0.0
MOGL,empty,,,,,,
MRZL,ok,2435.0,2015-01-02,2024-12-31,tmx,0.0,0.0
MON,ok,1801.0,2015-01-02,2024-12-31,tmx,0.0,2.0
MMY,ok,2225.0,2015-01-02,2024-12-31,tmx,0.0,0.0
MNRG,ok,893.0,2021-05-04,2024-12-31,tmx,0.0,0.0
MOO,ok,280.0,2023-11-20,2024-12-31,tmx,0.0,0.0
MOX,ok,2294.0,2015-01-02,2024-12-31,tmx,0.0,0.0
MCC,ok,816.0,2021-09-30,2024-12-31,tmx,0.0,0.0
MUN,ok,2233.0,2015-01-05,2024-12-31,tmx,0.0,1.0
MUR,ok,1313.0,2018-03-22,2024-12-31,tmx,0.0,0.0
MMX,ok,2338.0,2015-08-14,2024-12-31,tmx,0.0,0.0
MGRO,ok,1367.0,2019-07-10,2024-12-31,tmx,0.0,0.0
NMI,ok,2075.0,2015-01-02,2024-12-31,tmx,0.0,0.0
CTZ,ok,2166.0,2015-01-12,2024-12-31,tmx,0.0,0.0
NSCI,ok,1361.0,2019-06-13,2024-12-31,tmx,0.0,0.0
NAP,empty,,,,,,
NRC,ok,132.0,2024-06-21,2024-12-31,tmx,0.0,0.0
NAV,ok,429.0,2023-04-18,2024-12-31,tmx,0.0,3.0
NBM,ok,1745.0,2015-01-05,2024-12-31,tmx,0.0,13.0
NTX,ok,634.0,2022-06-22,2024-12-31,tmx,0.0,0.0
NDA,ok,1674.0,2018-01-22,2024-12-31,tmx,0.0,0.0
NTE,ok,2178.0,2015-01-07,2024-12-31,tmx,0.0,0.0
NPTH,ok,1123.0,2020-07-06,2024-12-31,tmx,0.0,0.0
NTLX,empty,,,,,,
NKG,ok,1624.0,2015-02-02,2024-12-31,tmx,0.0,0.0
NVLH,ok,1.0,2024-12-31,2024-12-31,tmx,0.0,0.0
NEV,ok,2377.0,2015-01-02,2024-12-31,tmx,0.0,0.0
NAU,ok,1515.0,2015-01-07,2024-12-31,tmx,0.0,6.0
NAM,ok,2366.0,2015-01-05,2024-12-31,tmx,0.0,0.0
NED,ok,1506.0,2015-01-09,2024-12-31,tmx,0.0,6.0
ENRG,ok,1377.0,2018-01-29,2024-12-31,tmx,0.0,1.0
NSE,ok,1363.0,2015-01-02,2024-12-31,tmx,0.0,8.0
NTB,ok,1205.0,2015-01-06,2024-12-31,tmx,0.0,25.0
NZ,ok,2154.0,2015-01-02,2024-12-31,tmx,0.0,9.0
NCAU,ok,1841.0,2015-01-19,2024-12-31,tmx,0.0,0.0
NWX,ok,2134.0,2015-01-02,2024-12-31,tmx,0.0,0.0
NEXE,ok,1011.0,2020-12-18,2024-12-31,tmx,0.0,0.0
NXG,ok,1600.0,2015-01-08,2024-12-31,tmx,0.0,0.0
NEXG,ok,2503.0,2015-01-02,2024-12-31,tmx,0.0,0.0
NXLV,ok,1509.0,2015-01-20,2024-12-31,tmx,0.0,1.0
NEXM,ok,595.0,2022-08-18,2024-12-31,tmx,0.0,0.0
NXH,ok,867.0,2021-06-30,2024-12-31,tmx,0.0,0.0
NPV,ok,739.0,2022-01-21,2024-12-31,tmx,0.0,2.0
NXS,ok,2446.0,2015-01-02,2024-12-31,tmx,0.0,13.0
NICE,empty,,,,,,
NICN,ok,606.0,2022-08-03,2024-12-31,tmx,0.0,0.0
NKL,ok,1286.0,2019-11-15,2024-12-31,tmx,0.0,0.0
NCP,ok,2495.0,2015-01-02,2024-12-31,tmx,0.0,0.0
NNX,ok,1437.0,2015-01-13,2024-12-31,tmx,0.0,10.0
NIM,ok,2427.0,2015-01-02,2024-12-31,tmx,0.0,2.0
NIO,ok,1762.0,2015-01-02,2024-12-31,tmx,0.0,6.0
NBY,ok,2338.0,2015-01-02,2024-12-31,tmx,0.0,0.0
NOAL,ok,467.0,2018-06-11,2024-12-31,tmx,0.0,3.0
NBLC,ok,929.0,2021-04-20,2024-12-31,tmx,0.0,0.0
NOB,ok,2116.0,2015-01-14,2024-12-31,tmx,0.0,5.0
NOBL,ok,1306.0,2015-01-19,2024-12-31,tmx,0.0,6.0
NRM,ok,2055.0,2015-01-06,2024-12-31,tmx,0.0,7.0
NTH,ok,2341.0,2015-01-02,2024-12-31,tmx,0.0,1.0
NQC,ok,1786.0,2015-01-05,2024-12-31,tmx,0.0,5.0
VKG,ok,1147.0,2015-01-09,2024-12-31,tmx,0.0,2.0
NVT,ok,1764.0,2015-01-02,2024-12-31,tmx,0.0,5.0
NAR,ok,2225.0,2015-01-02,2024-12-31,tmx,0.0,1.0
NPR,ok,2274.0,2015-01-22,2024-12-31,tmx,0.0,0.0
NSU,ok,292.0,2023-11-02,2024-12-31,tmx,0.0,0.0
NGC,ok,2491.0,2015-01-02,2024-12-31,tmx,0.0,0.0
NL,ok,1333.0,2015-01-06,2024-12-31,tmx,0.0,6.0
NRN,ok,2330.0,2015-01-02,2024-12-31,tmx,0.0,2.0
NCX,ok,2294.0,2015-01-02,2024-12-31,tmx,0.0,2.0
NMB,empty,,,,,,
ROOF,ok,871.0,2021-07-13,2024-12-31,tmx,0.0,0.0
NWST,ok,2302.0,2015-01-05,2024-12-31,tmx,0.0,0.0
NLH,ok,1909.0,2016-04-25,2024-12-31,tmx,0.0,2.0
NVI,ok,1819.0,2015-01-21,2024-12-31,tmx,0.0,0.0
NOW,ok,877.0,2021-07-05,2024-12-31,tmx,0.0,0.0
NCI,ok,2061.0,2015-01-02,2024-12-31,tmx,0.0,2.0
NBVA,ok,1604.0,2018-03-07,2024-12-31,tmx,0.0,0.0
NGMD,ok,790.0,2021-11-08,2024-12-31,tmx,0.0,0.0
NUG,ok,2475.0,2015-01-02,2024-12-31,tmx,0.0,12.0
NRX,ok,634.0,2022-06-22,2024-12-31,tmx,0.0,0.0
NMC,ok,654.0,2022-05-25,2024-12-31,tmx,0.0,0.0
NVX,ok,2134.0,2015-01-05,2024-12-31,tmx,0.0,5.0
NVRO,empty,,,,,,
OCAL,empty,,,,,,
FEO,ok,1966.0,2015-01-06,2024-12-31,tmx,0.0,0.0
OVT,ok,2267.0,2015-01-05,2024-12-31,tmx,0.0,0.0
OTC,ok,830.0,2021-09-10,2024-12-31,tmx,0.0,0.0
OC,ok,1932.0,2015-01-02,2024-12-31,tmx,0.0,0.0
OLV,ok,2045.0,2015-01-02,2024-12-31,tmx,0.0,1.0
OMG,ok,1535.0,2015-01-06,2024-12-31,tmx,0.0,3.0
OMM,ok,1874.0,2015-01-07,2024-12-31,tmx,0.0,13.0
OML,ok,2162.0,2015-01-02,2024-12-31,tmx,0.0,0.0
OBUL,empty,,,,,,
ONAU,ok,163.0,2024-05-08,2024-12-31,tmx,0.0,0.0
OGW,empty,,,,,,
ONYX,ok,362.0,2023-07-24,2024-12-31,tmx,0.0,0.0
OPW,ok,1786.0,2015-01-02,2024-12-31,tmx,0.0,2.0
OPHR,ok,1893.0,2015-01-05,2024-12-31,tmx,0.0,1.0
OOR,ok,1648.0,2015-01-13,2024-12-31,tmx,0.0,2.0
ORCL,ok,186.0,2024-04-05,2024-12-31,tmx,0.0,0.0
OCI,ok,2131.0,2015-01-19,2024-12-31,tmx,0.0,5.0
ORS,ok,1801.0,2015-01-15,2024-12-31,tmx,0.0,3.0
OTMC,ok,2113.0,2015-01-06,2024-12-31,tmx,0.0,1.0
REX,ok,2315.0,2015-01-02,2024-12-31,tmx,0.0,0.0
OGO,ok,1845.0,2015-01-02,2024-07-18,tmx,0.0,0.0
OCO,ok,2189.0,2015-01-02,2024-12-31,tmx,0.0,0.0
OGN,ok,2282.0,2015-01-02,2024-12-31,tmx,0.0,0.0
OMI,ok,2229.0,2015-01-06,2024-12-31,tmx,0.0,2.0
OSM,ok,1126.0,2018-02-26,2024-12-31,tmx,0.0,2.0
OGG,ok,1023.0,2020-12-02,2024-12-31,tmx,0.0,0.0
COO,ok,1471.0,2015-01-06,2024-12-31,tmx,0.0,4.0
OAM,ok,870.0,2021-07-14,2024-12-31,tmx,0.0,0.0
PGLD,ok,1335.0,2018-10-16,2024-12-31,tmx,0.0,1.0
PBM,ok,1472.0,2015-01-02,2024-12-31,tmx,0.0,2.0
BKM,ok,2234.0,2015-01-02,2024-12-31,tmx,0.0,0.0
PEMC,ok,1354.0,2018-03-22,2024-12-31,tmx,0.0,4.0
PPM,ok,1432.0,2015-01-21,2024-12-31,tmx,0.0,5.0
PEX,ok,1939.0,2015-01-02,2024-12-31,tmx,0.0,0.0
PA,ok,1982.0,2015-11-13,2024-12-31,tmx,0.0,0.0
PALI,ok,478.0,2023-02-06,2024-12-31,tmx,0.0,0.0
PGZ,ok,1849.0,2015-01-07,2024-12-31,tmx,0.0,9.0
PML,ok,2132.0,2015-01-02,2024-12-31,tmx,0.0,0.0
PNTR,ok,1352.0,2015-01-30,2024-12-31,tmx,0.0,4.0
PDQ,ok,1757.0,2015-01-05,2024-12-31,tmx,0.0,5.0
PALS,empty,,,,,,
PKT,ok,2065.0,2015-01-02,2024-12-31,tmx,0.0,0.0
PVIS,ok,455.0,2023-03-10,2024-12-31,tmx,0.0,2.0
PGDC,ok,1909.0,2015-01-05,2024-12-31,tmx,0.0,9.0
PAT,ok,983.0,2020-11-16,2024-12-31,tmx,0.0,0.0
PCU,empty,,,,,,
PX,ok,2263.0,2015-01-02,2024-12-31,tmx,0.0,1.0
PTF,ok,2111.0,2015-01-05,2024-12-31,tmx,0.0,0.0
PINK,ok,1127.0,2020-07-06,2024-12-31,tmx,0.0,0.0
PMI,empty,,,,,,
PER,ok,1713.0,2015-07-15,2024-12-31,tmx,0.0,0.0
PESO,ok,716.0,2022-02-24,2024-12-31,tmx,0.0,0.0
VRY,ok,1803.0,2015-01-02,2024-12-31,tmx,0.0,9.0
PCQ,ok,1921.0,2015-01-02,2024-12-31,tmx,0.0,3.0
PTC,ok,1229.0,2015-09-03,2024-12-31,tmx,0.0,7.0
PCLO,ok,1460.0,2018-02-02,2024-12-31,tmx,0.0,0.0
PCRX,ok,660.0,2022-05-16,2024-12-31,tmx,0.0,0.0
PHNM,ok,2154.0,2015-01-13,2024-12-31,tmx,0.0,5.0
PINN,ok,2324.0,2015-01-02,2024-12-31,tmx,0.0,1.0
PTE,ok,2261.0,2015-01-07,2024-12-31,tmx,0.0,0.0
YARR,ok,2184.0,2015-01-02,2024-12-31,tmx,0.0,7.0
PVT,ok,1041.0,2020-10-30,2024-12-31,tmx,0.0,0.0
PJX,ok,2085.0,2015-01-02,2024-12-31,tmx,0.0,0.0
PTFY,ok,605.0,2022-08-04,2024-12-31,tmx,0.0,5.0
PURO,ok,2323.0,2015-01-02,2024-12-31,tmx,0.0,1.0
PGC,ok,1870.0,2015-01-06,2024-12-31,tmx,0.0,13.0
PLY,ok,2210.0,2015-01-05,2024-12-31,tmx,0.0,2.0
DEAL,ok,1918.0,2015-01-02,2024-12-31,tmx,0.0,1.0
PLUR,ok,1069.0,2020-09-24,2024-12-31,tmx,0.0,0.0
POND,ok,2022.0,2015-01-09,2024-12-31,tmx,0.0,1.0
POOL,ok,1359.0,2017-04-25,2024-12-31,tmx,0.0,3.0
PGP,ok,2169.0,2015-01-05,2024-12-31,tmx,0.0,10.0
PNPN,ok,2012.0,2015-01-07,2024-12-31,tmx,0.0,2.0
PWM,ok,2435.0,2015-01-02,2024-12-31,tmx,0.0,0.0
PWRO,ok,240.0,2024-01-18,2024-12-31,tmx,0.0,0.0
PPX,ok,1843.0,2015-01-02,2024-12-31,tmx,0.0,0.0
PRG,ok,2333.0,2015-01-02,2024-12-31,tmx,0.0,0.0
PUR,ok,271.0,2023-12-01,2024-12-31,tmx,0.0,0.0
HDRO,ok,832.0,2021-08-27,2024-12-31,tmx,0.0,0.0
PTEC,ok,807.0,2018-11-01,2024-12-31,tmx,0.0,0.0
PMX,ok,1191.0,2015-01-08,2024-12-31,tmx,0.0,4.0
PLAN,ok,2217.0,2015-01-02,2024-12-31,tmx,0.0,0.0
MKT,ok,2033.0,2015-01-05,2024-12-31,tmx,0.0,17.0
PSVA,empty,,,,,,
PPP,ok,2299.0,2015-01-05,2024-12-31,tmx,0.0,0.0
PGX,ok,2240.0,2015-01-02,2024-12-31,tmx,0.0,1.0
PEI,ok,1906.0,2015-01-02,2024-12-31,tmx,0.0,1.0
MAPS,ok,998.0,2021-01-11,2024-12-31,tmx,0.0,0.0
PHD,ok,1914.0,2015-09-02,2024-12-31,tmx,0.0,2.0
PTX,ok,1675.0,2017-03-23,2024-12-30,tmx,0.0,0.0
PLSR,ok,347.0,2023-08-15,2024-12-31,tmx,0.0,0.0
PUL,ok,1759.0,2015-01-27,2024-12-31,tmx,0.0,0.0
PUMA,ok,2359.0,2015-01-02,2024-12-31,tmx,0.0,0.0
PE,ok,2501.0,2015-01-02,2024-12-31,tmx,0.0,0.0
BRED,ok,643.0,2022-06-09,2024-12-31,tmx,0.0,0.0
PTU,ok,2436.0,2015-01-02,2024-12-31,tmx,0.0,0.0
QGR,ok,1542.0,2015-01-02,2024-12-31,tmx,0.0,5.0
QTWO,ok,1605.0,2015-01-09,2024-12-31,tmx,0.0,7.0
QMC,ok,2157.0,2015-01-14,2024-12-31,tmx,0.0,1.0
QRO,ok,1584.0,2015-01-05,2024-12-31,tmx,0.0,3.0
LEAP,ok,2213.0,2015-01-14,2024-12-31,tmx,0.0,0.0
QNC,ok,2177.0,2015-01-06,2024-12-31,tmx,0.0,3.0
QZM,ok,1351.0,2015-01-05,2024-12-31,tmx,0.0,1.0
QPT,ok,2105.0,2015-01-05,2024-12-31,tmx,0.0,3.0
QST,ok,2495.0,2015-01-02,2024-12-31,tmx,0.0,0.0
QURI,ok,598.0,2022-08-15,2024-12-31,tmx,0.0,0.0
QYOU,ok,2076.0,2015-02-11,2024-12-31,tmx,0.0,0.0
RAK,ok,1705.0,2015-01-05,2024-12-31,tmx,0.0,2.0
RDS,ok,2420.0,2015-01-02,2024-12-31,tmx,0.0,0.0
RDU,ok,2315.0,2015-01-06,2024-12-31,tmx,0.0,0.0
RMO,ok,1832.0,2015-01-07,2024-12-31,tmx,0.0,1.0
RKV,ok,908.0,2021-04-01,2024-12-31,tmx,0.0,0.0
RAMP,ok,847.0,2021-04-16,2024-12-31,tmx,0.0,0.0
RNCH,ok,803.0,2021-10-20,2024-12-31,tmx,0.0,0.0
RTH,ok,1797.0,2015-01-02,2024-12-31,tmx,0.0,3.0
RE,ok,1323.0,2018-02-14,2024-12-31,tmx,0.0,1.0
XBOT,ok,958.0,2015-11-10,2024-12-31,tmx,0.0,0.0
RGI,ok,1093.0,2015-01-21,2024-12-31,tmx,0.0,3.0
RECO,ok,1664.0,2015-01-02,2024-12-31,tmx,0.0,1.0
REC,ok,1039.0,2015-01-07,2024-12-31,tmx,0.0,8.0
AMY,ok,2389.0,2015-01-02,2024-12-31,tmx,0.0,2.0
RFX,ok,825.0,2021-09-17,2024-12-31,tmx,0.0,0.0
REE,ok,802.0,2021-10-21,2024-12-31,tmx,0.0,3.0
GIII,ok,1861.0,2017-05-16,2024-12-31,tmx,0.0,0.0
RSMX,ok,674.0,2022-04-26,2024-12-31,tmx,0.0,0.0
RPP,ok,1082.0,2015-03-25,2024-12-31,tmx,0.0,8.0
REG,ok,2396.0,2015-01-06,2024-12-31,tmx,0.0,0.0
RET,ok,1060.0,2020-09-03,2024-12-31,tmx,0.0,0.0
RET.A,ok,1060.0,2020-09-03,2024-12-31,tmx,0.0,0.0
MYID,ok,1863.0,2015-01-06,2024-12-31,tmx,0.0,0.0
REKO,ok,1775.0,2015-01-02,2024-12-31,tmx,0.0,0.0
RGC,ok,351.0,2023-08-09,2024-12-31,tmx,0.0,0.0
RAGE,ok,2111.0,2015-01-02,2024-12-31,tmx,0.0,2.0
RW,ok,2026.0,2015-01-02,2024-12-31,tmx,0.0,0.0
RSS,ok,2281.0,2015-01-02,2024-12-31,tmx,0.0,0.0
RSM,ok,658.0,2022-05-18,2024-12-31,tmx,0.0,0.0
REH,empty,,,,,,
REVX,ok,1936.0,2015-01-05,2024-12-31,tmx,0.0,8.0
RVG,ok,1993.0,2015-01-05,2024-12-31,tmx,0.0,2.0
OWN,ok,808.0,2021-06-04,2024-12-31,tmx,0.0,0.0
RMD,ok,1664.0,2015-01-05,2024-12-31,tmx,0.0,0.0
RDG,ok,1090.0,2020-08-17,2024-12-31,tmx,0.0,0.0
RMI,ok,1328.0,2018-03-08,2024-12-31,tmx,0.0,6.0
RLYG,ok,1143.0,2015-03-03,2024-12-31,tmx,0.0,0.0
RYO,ok,1636.0,2015-01-15,2024-12-31,tmx,0.0,1.0
RRRL,empty,,,,,,
RRI,ok,2458.0,2015-01-02,2024-12-31,tmx,0.0,0.0
RIWI,ok,1089.0,2020-07-27,2024-12-31,tmx,0.0,0.0
ROB,empty,,,,,,
RCT,ok,1500.0,2015-01-07,2024-12-31,tmx,0.0,4.0
RCK,ok,2210.0,2015-02-17,2024-12-31,tmx,0.0,4.0
RK,ok,2343.0,2015-01-02,2024-12-31,tmx,0.0,0.0
RUM,ok,1853.0,2015-01-02,2024-12-31,tmx,0.0,0.0
ROK,ok,1964.0,2015-01-02,2024-12-31,tmx,0.0,1.0
RKR,ok,1938.0,2015-01-22,2024-12-31,tmx,0.0,2.0
RME,ok,1503.0,2015-01-02,2020-12-24,tmx,0.0,0.0
ROS,ok,1856.0,2015-01-05,2024-12-31,tmx,0.0,4.0
RTE,ok,1110.0,2018-08-17,2024-12-31,tmx,0.0,1.0
ROI,ok,2434.0,2015-01-02,2024-12-31,tmx,0.0,0.0
RYR,ok,2139.0,2015-04-20,2024-12-31,tmx,0.0,0.0
RPX,ok,2384.0,2015-01-02,2024-12-31,tmx,0.0,0.0
RTM,ok,1864.0,2015-01-05,2024-12-31,tmx,0.0,16.0
ROMJ,ok,1073.0,2020-09-22,2024-12-31,tmx,0.0,0.0
RMB,ok,296.0,2023-10-27,2024-12-31,tmx,0.0,1.0
RML,ok,2254.0,2015-01-05,2024-12-31,tmx,0.0,1.0
RZL,empty,,,,,,
SBIO,ok,810.0,2018-11-12,2024-12-31,tmx,0.0,1.0
SAE,ok,2159.0,2015-01-05,2024-12-31,tmx,0.0,2.0
SF,ok,2274.0,2015-01-02,2024-12-31,tmx,0.0,0.0
SAGA,ok,69.0,2024-09-23,2024-12-31,tmx,0.0,0.0
SAGE,ok,449.0,2023-03-20,2024-12-31,tmx,0.0,0.0
FISH,ok,1626.0,2018-01-04,2024-12-31,tmx,0.0,0.0
SRL,ok,2020.0,2015-01-05,2024-12-31,tmx,0.0,0.0
SCAI,empty,,,,,,
SME,ok,2294.0,2015-01-06,2024-12-31,tmx,0.0,0.0
SLG,ok,999.0,2018-06-15,2024-12-31,tmx,0.0,1.0
SFR,ok,2126.0,2015-01-02,2024-12-31,tmx,0.0,0.0
SCZ,ok,2436.0,2015-01-02,2024-12-31,tmx,0.0,0.0
SWA,ok,2225.0,2015-01-02,2024-12-31,tmx,0.0,0.0
SATO,ok,826.0,2021-09-16,2024-12-31,tmx,0.0,0.0
SCD,ok,1536.0,2018-01-16,2024-12-31,tmx,0.0,0.0
SCY,ok,2491.0,2015-01-02,2024-12-31,tmx,0.0,0.0
SGLD,ok,2283.0,2015-01-02,2024-12-31,tmx,0.0,2.0
SCOT,ok,1784.0,2015-01-14,2024-12-31,tmx,0.0,3.0
SMY,ok,1946.0,2015-01-02,2024-04-10,tmx,0.0,0.0
SCLT,ok,1902.0,2015-01-12,2024-12-31,tmx,0.0,6.0
ID,ok,2072.0,2016-03-18,2024-12-31,tmx,0.0,21.0
SEGN,ok,724.0,2022-02-11,2024-12-31,tmx,0.0,0.0
SGZ,ok,1901.0,2015-01-05,2024-12-31,tmx,0.0,2.0
SCMI,empty,,,,,,
SEND,ok,312.0,2023-10-04,2024-12-31,tmx,0.0,0.0
SEVA,empty,,,,,,
SHRX,ok,6.0,2024-12-20,2024-12-31,tmx,0.0,0.0
SHRP,ok,839.0,2021-01-12,2024-12-31,tmx,0.0,0.0
SIEN,ok,2317.0,2015-01-05,2024-12-31,tmx,0.0,1.0
SM,ok,929.0,2021-04-19,2024-12-31,tmx,0.0,0.0
SGML,ok,1534.0,2018-05-09,2024-12-31,tmx,0.0,0.0
SGU,ok,2105.0,2015-02-02,2024-12-31,tmx,0.0,3.0
SBMI,ok,768.0,2021-12-06,2024-12-31,tmx,0.0,0.0
SVG,ok,1867.0,2015-01-05,2024-12-31,tmx,0.0,11.0
SNAG,ok,2134.0,2015-01-02,2024-12-31,tmx,0.0,0.0
SVE,ok,2218.0,2015-01-07,2024-12-31,tmx,0.0,3.0
SPD,ok,1669.0,2015-01-02,2024-12-31,tmx,0.0,5.0
SNG,ok,2159.0,2015-01-02,2024-12-31,tmx,0.0,0.0
SSE,ok,2286.0,2015-01-05,2024-12-31,tmx,0.0,3.0
SVRS,ok,1937.0,2015-01-02,2024-12-31,tmx,0.0,0.0
SILV,ok,2102.0,2015-01-22,2024-12-31,tmx,0.0,0.0
VIPR,ok,1572.0,2017-09-29,2024-12-31,tmx,0.0,0.0
SWLF,ok,1658.0,2015-01-21,2024-12-31,tmx,0.0,0.0
AGX,ok,1628.0,2015-01-02,2024-12-31,tmx,0.0,10.0
AGA,ok,32.0,2024-11-14,2024-12-31,tmx,0.0,0.0
SICO,empty,,,,,,
HASH,ok,829.0,2021-05-20,2024-12-31,tmx,0.0,0.0
SEI,ok,2216.0,2015-08-11,2024-12-31,tmx,0.0,0.0
SOI,ok,2456.0,2015-01-06,2024-12-31,tmx,0.0,0.0
SIG,ok,208.0,2024-03-05,2024-12-31,tmx,0.0,0.0
SKEL,ok,1607.0,2015-01-07,2024-12-31,tmx,0.0,1.0
SKRR,ok,1631.0,2015-01-06,2024-12-31,tmx,0.0,1.0
SKYG,ok,2303.0,2015-01-07,2024-12-31,tmx,0.0,7.0
SYH,ok,2469.0,2015-01-02,2024-12-31,tmx,0.0,1.0
SXL,ok,2043.0,2015-01-07,2024-12-31,tmx,0.0,1.0
SSX,ok,836.0,2021-06-21,2024-12-31,tmx,0.0,0.0
SMWE,empty,,,,,,
SMRV,ok,1644.0,2015-01-06,2024-12-31,tmx,0.0,1.0
SPN,ok,2280.0,2015-01-02,2024-12-31,tmx,0.0,3.0
SGC,ok,1491.0,2018-05-14,2024-12-31,tmx,0.0,0.0
SOMA,ok,2091.0,2015-01-05,2024-12-31,tmx,0.0,0.0
SNV,ok,2149.0,2015-01-02,2024-12-31,tmx,0.0,12.0
SGO,ok,1943.0,2015-01-06,2024-12-31,tmx,0.0,0.0
SRR,ok,712.0,2022-03-02,2024-12-31,tmx,0.0,0.0
SAO,ok,1390.0,2015-01-05,2024-12-31,tmx,0.0,2.0
SPMC,ok,977.0,2020-12-08,2024-12-31,tmx,0.0,1.0
STS,ok,1620.0,2015-01-14,2024-12-31,tmx,0.0,0.0
SMP,ok,1155.0,2020-04-09,2024-12-31,tmx,0.0,0.0
SOU,ok,2092.0,2015-01-02,2024-12-31,tmx,0.0,6.0
SSV,ok,2404.0,2015-01-07,2024-12-31,tmx,0.0,0.0
SGQ,ok,1588.0,2015-01-05,2024-12-31,tmx,0.0,0.0
SML,ok,2011.0,2015-01-06,2024-12-31,tmx,0.0,11.0
SQG,ok,1734.0,2015-01-02,2024-12-31,tmx,0.0,6.0
SPA,ok,2477.0,2015-01-05,2024-12-31,tmx,0.0,0.0
SPRQ,ok,749.0,2022-01-07,2024-12-31,tmx,0.0,0.0
SPAR,ok,2323.0,2015-01-02,2024-12-31,tmx,0.0,0.0
W,ok,1111.0,2015-01-13,2024-12-31,tmx,0.0,1.0
SRI,ok,2201.0,2015-01-06,2024-12-31,tmx,0.0,10.0
SPC,ok,959.0,2021-03-08,2024-12-31,tmx,0.0,0.0
SSA,ok,1774.0,2015-01-09,2024-12-31,tmx,0.0,9.0
SRQ,ok,346.0,2023-08-16,2024-12-31,tmx,0.0,0.0
LORD,ok,1817.0,2015-01-05,2024-12-31,tmx,0.0,2.0
SRC,ok,2121.0,2015-01-02,2024-12-31,tmx,0.0,6.0
STUD,ok,1381.0,2016-03-18,2024-12-31,tmx,0.0,3.0
SDI,ok,1899.0,2015-01-08,2024-12-31,tmx,0.0,5.0
STMP,ok,1542.0,2017-04-06,2024-12-31,tmx,0.0,7.0
SLI,ok,2168.0,2015-02-02,2024-12-31,tmx,0.0,0.0
STND,ok,1155.0,2020-05-05,2024-12-31,tmx,0.0,0.0
ZIGY,empty,,,,,,
SUN,ok,59.0,2024-10-07,2024-12-31,tmx,0.0,0.0
STE,ok,1632.0,2015-01-07,2024-12-31,tmx,0.0,3.0
SPX,ok,1898.0,2015-01-02,2024-12-31,tmx,0.0,0.0
SAG,ok,2103.0,2015-01-02,2024-12-31,tmx,0.0,8.0
PGE,ok,2174.0,2015-01-02,2024-12-31,tmx,0.0,4.0
STW,ok,1481.0,2015-04-29,2024-12-31,tmx,0.0,2.0
STRM,ok,1433.0,2017-11-29,2024-12-31,tmx,0.0,0.0
SGE,ok,1159.0,2015-01-12,2024-12-31,tmx,0.0,0.0
SMD,ok,2474.0,2015-01-02,2024-12-31,tmx,0.0,0.0
SR,ok,1633.0,2015-01-16,2024-12-31,tmx,0.0,2.0
SKP,ok,2378.0,2015-01-02,2024-12-31,tmx,0.0,1.0
SKK,ok,1070.0,2015-01-02,2024-12-31,tmx,0.0,0.0
SDR,ok,1836.0,2015-01-09,2024-12-31,tmx,0.0,20.0
STUV,ok,888.0,2018-07-27,2024-12-31,tmx,0.0,1.0
SUGR,ok,295.0,2023-10-30,2024-12-31,tmx,0.0,0.0
SUM,empty,,,,,,
PEAK,ok,1078.0,2020-08-17,2024-12-31,tmx,0.0,0.0
SMN,ok,2195.0,2015-01-02,2024-12-31,tmx,0.0,0.0
SPZ,ok,619.0,2022-07-14,2024-12-31,tmx,0.0,1.0
SUI,ok,1444.0,2015-05-15,2024-12-31,tmx,0.0,13.0
NILI,ok,1514.0,2018-05-01,2024-12-31,tmx,0.0,3.0
SURG,ok,2108.0,2015-01-02,2024-12-31,tmx,0.0,1.0
SRGE,ok,73.0,2024-09-17,2024-12-31,tmx,0.0,0.0
SYG,ok,1205.0,2015-01-14,2024-12-31,tmx,0.0,6.0
ESAF,empty,,,,,,
TWO,ok,1411.0,2015-01-05,2024-12-31,tmx,0.0,2.0
TAO,ok,2497.0,2015-01-02,2024-12-31,tmx,0.0,0.0
TAJ,ok,1701.0,2015-01-06,2024-12-31,tmx,0.0,7.0
TRO,ok,1580.0,2015-01-09,2024-12-31,tmx,0.0,4.0
TDG,ok,998.0,2018-09-21,2024-12-31,tmx,0.0,0.0
TECT,ok,1223.0,2019-11-18,2024-12-31,tmx,0.0,0.0
TELO,ok,2030.0,2015-04-14,2024-12-31,tmx,0.0,6.0
TNX,empty,,,,,,
TRR,empty,,,,,,
TES,ok,1620.0,2015-01-05,2024-12-31,tmx,0.0,3.0
TPL,ok,2216.0,2015-01-02,2024-12-31,tmx,0.0,3.0
TUO,ok,2308.0,2015-01-02,2024-12-31,tmx,0.0,0.0
TGX,ok,1985.0,2015-01-02,2024-12-31,tmx,0.0,16.0
FRSH,ok,561.0,2021-11-16,2024-12-31,tmx,0.0,0.0
FTRC,ok,803.0,2021-10-20,2024-12-31,tmx,0.0,0.0
WED,ok,2506.0,2015-01-02,2024-12-31,tmx,0.0,0.0
WI,ok,1634.0,2016-03-18,2024-12-31,tmx,0.0,1.0
TLT,ok,2509.0,2015-01-02,2024-12-31,tmx,0.0,0.0
THRM,ok,2107.0,2015-01-02,2024-12-31,tmx,0.0,24.0
TMG,ok,2371.0,2015-01-02,2024-12-31,tmx,0.0,0.0
TAU,ok,2059.0,2015-03-19,2024-12-31,tmx,0.0,0.0
TTI,ok,682.0,2022-04-13,2024-12-31,tmx,0.0,0.0
TRCG,empty,,,,,,
THX,ok,1742.0,2015-01-29,2024-12-31,tmx,0.0,4.0
TCCM,ok,2239.0,2015-01-05,2024-12-31,tmx,0.0,0.0
YAY,ok,854.0,2021-07-06,2024-12-31,tmx,0.0,0.0
TGOL,ok,1902.0,2015-01-05,2024-12-31,tmx,0.0,0.0
THM,ok,1030.0,2015-06-03,2024-12-31,tmx,0.0,3.0
BIRD,ok,378.0,2023-06-29,2024-12-31,tmx,0.0,0.0
AWE,ok,2046.0,2015-01-02,2024-12-31,tmx,0.0,2.0
TSLV,ok,894.0,2021-06-09,2024-12-31,tmx,0.0,0.0
TNGD,empty,,,,,,
TIGR,empty,,,,,,
TK,ok,2497.0,2015-01-02,2024-12-31,tmx,0.0,0.0
TORC,ok,751.0,2022-01-05,2024-12-31,tmx,0.0,0.0
TTS,ok,1257.0,2015-01-05,2024-12-31,tmx,0.0,2.0
TLA,ok,1990.0,2015-01-02,2024-12-31,tmx,0.0,0.0
TITI,empty,,,,,,
TNR,ok,2065.0,2015-01-02,2024-12-31,tmx,0.0,3.0
LOT,ok,2022.0,2015-01-02,2024-12-31,tmx,0.0,0.0
TBLL,ok,998.0,2020-12-15,2024-12-31,tmx,0.0,3.0
TGC,ok,802.0,2021-10-21,2024-12-31,tmx,0.0,1.0
TOI,ok,982.0,2021-02-02,2024-12-31,tmx,0.0,0.0
TORQ,ok,2183.0,2015-01-05,2024-12-31,tmx,0.0,0.0
TMET,ok,769.0,2021-12-07,2024-12-31,tmx,0.0,0.0
TORR,ok,1521.0,2017-02-06,2024-12-31,tmx,0.0,0.0
TT,empty,,,,,,
TTZ,ok,1745.0,2015-01-05,2024-12-31,tmx,0.0,3.0
TOTC,empty,,,,,,
TWR,ok,2001.0,2015-01-05,2024-12-31,tmx,0.0,3.0
TBK,ok,2335.0,2015-01-02,2024-12-31,tmx,0.0,0.0
TTG,ok,1408.0,2015-01-02,2024-12-31,tmx,0.0,2.0
TCO,ok,1649.0,2016-03-18,2024-12-31,tmx,0.0,3.0
XTM,ok,2070.0,2015-01-05,2024-12-31,tmx,0.0,2.0
OCEN,ok,2505.0,2015-01-02,2024-12-31,tmx,0.0,0.0
TRS,ok,1770.0,2015-01-07,2024-12-31,tmx,0.0,2.0
TRBE,ok,932.0,2021-03-25,2024-12-31,tmx,0.0,0.0
TRBC,ok,543.0,2022-11-02,2024-12-31,tmx,0.0,0.0
ROCK,ok,1970.0,2015-07-29,2024-12-31,tmx,0.0,0.0
TG,ok,1605.0,2017-06-15,2024-12-31,tmx,0.0,0.0
TOM,ok,1476.0,2017-04-25,2024-12-31,tmx,0.0,1.0
TSG,ok,2310.0,2015-01-05,2024-12-31,tmx,0.0,1.0
TIG,ok,2380.0,2015-01-05,2024-12-31,tmx,0.0,1.0
TR,ok,1402.0,2018-06-29,2024-12-31,tmx,0.0,0.0
TRU,ok,1363.0,2015-01-05,2024-12-31,tmx,0.0,2.0
TBIX,ok,1052.0,2019-06-11,2024-12-31,tmx,0.0,6.0
TSD,ok,1765.0,2015-01-02,2024-12-31,tmx,0.0,0.0
TUD,ok,2165.0,2015-02-13,2024-12-31,tmx,0.0,1.0
TUK,ok,1277.0,2015-01-12,2024-12-31,tmx,0.0,6.0
TTGI,ok,634.0,2022-06-22,2024-12-31,tmx,0.0,1.0
TVI,ok,2324.0,2015-01-05,2024-12-31,tmx,0.0,67.0
MILE,empty,,,,,,
UTWO,empty,,,,,,
UCU,ok,2507.0,2015-01-02,2024-12-31,tmx,0.0,0.0
UGD,ok,2299.0,2015-01-02,2024-12-31,tmx,0.0,0.0
USS,ok,1911.0,2015-01-05,2024-12-31,tmx,0.0,3.0
UIG,ok,797.0,2021-10-28,2024-12-31,tmx,0.0,1.0
UFC,ok,1601.0,2015-01-14,2024-12-31,tmx,0.0,0.0
URZ,ok,2368.0,2015-01-06,2024-12-31,tmx,0.0,7.0
USCU,ok,1973.0,2015-01-06,2024-12-31,tmx,0.0,4.0
USHA,ok,1058.0,2019-12-17,2024-12-31,tmx,0.0,0.0
VTEN,empty,,,,,,
VZZ,ok,1561.0,2015-01-02,2024-12-31,tmx,0.0,2.0
VMXX,ok,1417.0,2015-01-16,2024-12-31,tmx,0.0,3.0
OZ,ok,750.0,2022-01-06,2024-12-31,tmx,0.0,0.0
VO,ok,2474.0,2015-01-02,2024-12-31,tmx,0.0,0.0
VRB,ok,2087.0,2015-01-02,2024-12-31,tmx,0.0,1.0
VCV,ok,1416.0,2015-01-15,2024-12-31,tmx,0.0,4.0
KNOX,ok,1866.0,2015-01-02,2024-12-31,tmx,0.0,1.0
VXL,ok,2061.0,2015-01-12,2024-12-31,tmx,0.0,3.0
PAIN,empty,,,,,,
VLC,ok,1873.0,2015-01-06,2024-12-31,tmx,0.0,1.0
VLX,ok,1672.0,2015-01-05,2024-12-31,tmx,0.0,8.0
VTT,ok,2290.0,2015-01-05,2024-12-31,tmx,0.0,1.0
VENT,empty,,,,,,
VPT,ok,2248.0,2015-01-02,2024-12-31,tmx,0.0,0.0
V,ok,533.0,2022-11-16,2024-12-31,tmx,0.0,0.0
VTX,ok,1554.0,2015-05-12,2024-12-31,tmx,0.0,1.0
VERT,ok,1751.0,2015-01-02,2024-12-31,tmx,0.0,1.0
VLD,empty,,,,,,
VIO,ok,2143.0,2015-01-05,2024-12-31,tmx,0.0,1.0
VQS,ok,2422.0,2015-01-02,2024-12-31,tmx,0.0,0.0
VML,ok,2408.0,2015-01-02,2024-12-31,tmx,0.0,0.0
VGD,ok,2046.0,2015-01-02,2024-12-31,tmx,0.0,0.0
VLI,ok,1997.0,2015-01-02,2024-12-31,tmx,0.0,2.0
VCG,ok,2466.0,2015-01-02,2024-12-31,tmx,0.0,0.0
VIZ,ok,1710.0,2015-01-06,2024-12-31,tmx,0.0,3.0
VIS,ok,2043.0,2015-01-05,2024-12-31,tmx,0.0,5.0
VUX,ok,1417.0,2015-01-07,2024-12-31,tmx,0.0,3.0
VITA,ok,894.0,2019-05-23,2024-12-31,tmx,0.0,3.0
VPI,ok,1806.0,2015-01-05,2024-12-31,tmx,0.0,0.0
VCI,ok,2200.0,2015-01-02,2024-12-31,tmx,0.0,0.0
VAU,ok,1645.0,2015-01-16,2024-12-31,tmx,0.0,1.0
VCU,ok,825.0,2021-09-17,2024-12-31,tmx,0.0,1.0
VROY,ok,88.0,2024-08-26,2024-12-31,tmx,0.0,0.0
VG,ok,1823.0,2015-02-03,2024-12-31,tmx,0.0,0.0
VCT,ok,2065.0,2015-01-05,2024-12-31,tmx,0.0,1.0
VMS,ok,664.0,2022-05-10,2024-12-31,tmx,0.0,0.0
VM,ok,1786.0,2016-03-18,2024-12-31,tmx,0.0,0.0
VRR,ok,1987.0,2015-11-05,2024-12-31,tmx,0.0,2.0
VUL,ok,1910.0,2015-01-02,2024-12-31,tmx,0.0,1.0
VVTM,empty,,,,,,
WRR,ok,2367.0,2015-01-05,2024-12-31,tmx,0.0,0.0
WWT,ok,1435.0,2016-03-18,2024-12-31,tmx,0.0,5.0
WAVE,ok,1202.0,2017-05-09,2024-12-31,tmx,0.0,4.0
WML,ok,2420.0,2015-01-06,2024-12-31,tmx,0.0,0.0
WCE,ok,1477.0,2015-01-06,2024-12-31,tmx,0.0,7.0
WGF,ok,1751.0,2015-01-02,2024-12-31,tmx,0.0,2.0
WHY,ok,2206.0,2015-01-06,2024-12-31,tmx,0.0,2.0
WPG,ok,2153.0,2015-01-05,2024-12-31,tmx,0.0,2.0
WRLG,ok,1358.0,2015-02-05,2024-12-31,tmx,0.0,2.0
WVM,ok,2291.0,2015-01-02,2024-12-31,tmx,0.0,0.0
WBE,ok,1544.0,2015-01-22,2024-12-31,tmx,0.0,0.0
WEB,ok,1270.0,2015-01-06,2024-12-31,tmx,0.0,1.0
WEX,ok,741.0,2022-01-19,2024-12-31,tmx,0.0,0.0
WGLD,ok,942.0,2018-09-13,2024-12-31,tmx,0.0,2.0
WMS,ok,679.0,2022-04-19,2024-12-31,tmx,0.0,0.0
WP,ok,1076.0,2015-01-05,2024-12-31,tmx,0.0,8.0
WGT,ok,238.0,2018-04-10,2024-12-31,tmx,0.0,0.0
WHN,ok,2200.0,2015-01-05,2024-12-31,tmx,0.0,0.0
WGO,ok,2199.0,2015-07-16,2024-12-31,tmx,0.0,0.0
WMK,ok,1469.0,2015-01-05,2024-12-31,tmx,0.0,16.0
YTY,ok,2044.0,2015-01-02,2024-12-31,tmx,0.0,0.0
WSK,ok,1755.0,2015-01-05,2024-12-31,tmx,0.0,17.0
WIL,ok,2069.0,2015-01-05,2024-12-31,tmx,0.0,0.0
WEC,ok,406.0,2023-05-19,2024-12-31,tmx,0.0,8.0
WINS,ok,1686.0,2015-01-05,2024-12-31,tmx,0.0,6.0
WISH,ok,1016.0,2020-12-11,2024-12-31,tmx,0.0,0.0
WLF,ok,2386.0,2015-01-02,2024-12-31,tmx,0.0,0.0
WCU,ok,979.0,2021-01-26,2024-12-31,tmx,0.0,0.0
XGC,ok,2010.0,2015-01-05,2024-12-31,tmx,0.0,0.0
GIG,ok,672.0,2019-10-11,2024-12-31,tmx,0.0,3.0
XIM,ok,2349.0,2015-01-02,2024-12-31,tmx,0.0,0.0
XPLR,ok,973.0,2020-10-15,2024-12-31,tmx,0.0,0.0
XXIX,ok,1465.0,2018-06-08,2024-12-31,tmx,0.0,0.0
XL,ok,1296.0,2015-01-08,2024-12-31,tmx,0.0,2.0
YOO,ok,2096.0,2015-01-05,2024-12-31,tmx,0.0,0.0
YNV,ok,1873.0,2015-01-13,2024-12-31,tmx,0.0,0.0
YEG,ok,1030.0,2016-11-30,2024-12-31,tmx,0.0,0.0
ZAC,ok,963.0,2021-03-02,2024-12-31,tmx,0.0,0.0
ZBNI,ok,846.0,2021-08-11,2024-12-31,tmx,0.0,1.0
ZDC,ok,2200.0,2015-01-02,2024-12-31,tmx,0.0,1.0
ZEN,ok,2501.0,2015-01-02,2024-12-31,tmx,0.0,0.0
ZFR,ok,2099.0,2015-01-06,2024-12-31,tmx,0.0,0.0
ZCT,ok,25.0,2024-11-25,2024-12-31,tmx,0.0,0.0
ZC,ok,1986.0,2015-01-05,2024-12-31,tmx,0.0,0.0
ZNX,ok,2386.0,2015-01-05,2024-12-31,tmx,0.0,0.0
ZAU,ok,233.0,2024-01-29,2024-12-31,tmx,0.0,0.0
ZONE,ok,1373.0,2015-08-18,2024-12-31,tmx,0.0,1.0
ZON,ok,2195.0,2015-01-02,2024-12-31,tmx,0.0,2.0
ZMA,ok,1966.0,2015-01-15,2024-12-31,tmx,0.0,4.0
ZOMD,ok,1381.0,2015-04-23,2024-12-31,tmx,0.0,1.0
